Cage ID,Sex,Virgin,Yeast,Density,Total,Day,Event
1,F,Y,N,100,95,5,1.0
1,F,Y,N,100,95,5,1.0
1,F,Y,N,100,95,5,1.0
1,F,Y,N,100,95,5,1.0
1,F,Y,N,100,95,24,1.0
1,F,Y,N,100,95,25,1.0
1,F,Y,N,100,95,28,1.0
1,F,Y,N,100,95,36,1.0
1,F,Y,N,100,95,54,1.0
1,F,Y,N,100,95,54,1.0
1,F,Y,N,100,95,55,1.0
1,F,Y,N,100,95,55,1.0
1,F,Y,N,100,95,55,1.0
1,F,Y,N,100,95,56,1.0
1,F,Y,N,100,95,56,1.0
1,F,Y,N,100,95,57,1.0
1,F,Y,N,100,95,57,1.0
1,F,Y,N,100,95,57,1.0
1,F,Y,N,100,95,57,1.0
1,F,Y,N,100,95,58,1.0
1,F,Y,N,100,95,58,1.0
1,F,Y,N,100,95,58,1.0
1,F,Y,N,100,95,59,1.0
1,F,Y,N,100,95,59,1.0
1,F,Y,N,100,95,59,1.0
1,F,Y,N,100,95,60,1.0
1,F,Y,N,100,95,60,1.0
1,F,Y,N,100,95,61,1.0
1,F,Y,N,100,95,61,1.0
1,F,Y,N,100,95,61,1.0
1,F,Y,N,100,95,62,1.0
1,F,Y,N,100,95,62,1.0
1,F,Y,N,100,95,63,1.0
1,F,Y,N,100,95,63,1.0
1,F,Y,N,100,95,63,1.0
1,F,Y,N,100,95,64,1.0
1,F,Y,N,100,95,64,1.0
1,F,Y,N,100,95,64,1.0
1,F,Y,N,100,95,64,1.0
1,F,Y,N,100,95,64,1.0
1,F,Y,N,100,95,64,1.0
1,F,Y,N,100,95,64,1.0
1,F,Y,N,100,95,64,1.0
1,F,Y,N,100,95,64,1.0
1,F,Y,N,100,95,65,1.0
1,F,Y,N,100,95,65,1.0
1,F,Y,N,100,95,65,1.0
1,F,Y,N,100,95,65,1.0
1,F,Y,N,100,95,65,1.0
1,F,Y,N,100,95,65,1.0
1,F,Y,N,100,95,66,1.0
1,F,Y,N,100,95,66,1.0
1,F,Y,N,100,95,66,1.0
1,F,Y,N,100,95,66,1.0
1,F,Y,N,100,95,66,1.0
1,F,Y,N,100,95,66,1.0
1,F,Y,N,100,95,66,1.0
1,F,Y,N,100,95,66,1.0
1,F,Y,N,100,95,67,1.0
1,F,Y,N,100,95,67,1.0
1,F,Y,N,100,95,67,1.0
1,F,Y,N,100,95,67,1.0
1,F,Y,N,100,95,67,1.0
1,F,Y,N,100,95,68,1.0
1,F,Y,N,100,95,68,1.0
1,F,Y,N,100,95,68,1.0
1,F,Y,N,100,95,69,1.0
1,F,Y,N,100,95,69,1.0
1,F,Y,N,100,95,69,1.0
1,F,Y,N,100,95,70,1.0
1,F,Y,N,100,95,70,1.0
1,F,Y,N,100,95,70,1.0
1,F,Y,N,100,95,70,1.0
1,F,Y,N,100,95,70,1.0
1,F,Y,N,100,95,71,1.0
1,F,Y,N,100,95,71,1.0
1,F,Y,N,100,95,71,1.0
1,F,Y,N,100,95,71,1.0
1,F,Y,N,100,95,71,1.0
1,F,Y,N,100,95,72,1.0
1,F,Y,N,100,95,72,1.0
1,F,Y,N,100,95,73,1.0
1,F,Y,N,100,95,73,1.0
1,F,Y,N,100,95,73,1.0
1,F,Y,N,100,95,74,1.0
1,F,Y,N,100,95,75,1.0
1,F,Y,N,100,95,75,1.0
1,F,Y,N,100,95,75,1.0
1,F,Y,N,100,95,75,1.0
1,F,Y,N,100,95,77,1.0
1,F,Y,N,100,95,78,1.0
1,F,Y,N,100,95,79,1.0
1,F,Y,N,100,95,79,1.0
1,F,Y,N,100,95,80,1.0
1,F,Y,N,100,95,83,1.0
2,F,Y,N,100,95,5,1.0
2,F,Y,N,100,95,8,1.0
2,F,Y,N,100,95,37,1.0
2,F,Y,N,100,95,49,1.0
2,F,Y,N,100,95,50,1.0
2,F,Y,N,100,95,53,1.0
2,F,Y,N,100,95,54,1.0
2,F,Y,N,100,95,57,1.0
2,F,Y,N,100,95,57,1.0
2,F,Y,N,100,95,57,1.0
2,F,Y,N,100,95,57,1.0
2,F,Y,N,100,95,57,1.0
2,F,Y,N,100,95,58,1.0
2,F,Y,N,100,95,58,1.0
2,F,Y,N,100,95,59,1.0
2,F,Y,N,100,95,59,1.0
2,F,Y,N,100,95,59,1.0
2,F,Y,N,100,95,59,1.0
2,F,Y,N,100,95,59,1.0
2,F,Y,N,100,95,59,1.0
2,F,Y,N,100,95,59,1.0
2,F,Y,N,100,95,59,1.0
2,F,Y,N,100,95,59,1.0
2,F,Y,N,100,95,59,1.0
2,F,Y,N,100,95,60,1.0
2,F,Y,N,100,95,60,1.0
2,F,Y,N,100,95,60,1.0
2,F,Y,N,100,95,61,1.0
2,F,Y,N,100,95,61,1.0
2,F,Y,N,100,95,62,1.0
2,F,Y,N,100,95,62,1.0
2,F,Y,N,100,95,63,1.0
2,F,Y,N,100,95,63,1.0
2,F,Y,N,100,95,63,1.0
2,F,Y,N,100,95,63,1.0
2,F,Y,N,100,95,63,1.0
2,F,Y,N,100,95,64,1.0
2,F,Y,N,100,95,64,1.0
2,F,Y,N,100,95,64,1.0
2,F,Y,N,100,95,64,1.0
2,F,Y,N,100,95,64,1.0
2,F,Y,N,100,95,64,1.0
2,F,Y,N,100,95,64,1.0
2,F,Y,N,100,95,64,1.0
2,F,Y,N,100,95,65,1.0
2,F,Y,N,100,95,65,1.0
2,F,Y,N,100,95,66,1.0
2,F,Y,N,100,95,66,1.0
2,F,Y,N,100,95,66,1.0
2,F,Y,N,100,95,66,1.0
2,F,Y,N,100,95,66,1.0
2,F,Y,N,100,95,66,1.0
2,F,Y,N,100,95,66,1.0
2,F,Y,N,100,95,67,1.0
2,F,Y,N,100,95,67,1.0
2,F,Y,N,100,95,67,1.0
2,F,Y,N,100,95,67,1.0
2,F,Y,N,100,95,67,1.0
2,F,Y,N,100,95,67,1.0
2,F,Y,N,100,95,67,1.0
2,F,Y,N,100,95,68,1.0
2,F,Y,N,100,95,68,1.0
2,F,Y,N,100,95,68,1.0
2,F,Y,N,100,95,69,1.0
2,F,Y,N,100,95,69,1.0
2,F,Y,N,100,95,69,1.0
2,F,Y,N,100,95,69,1.0
2,F,Y,N,100,95,69,1.0
2,F,Y,N,100,95,69,1.0
2,F,Y,N,100,95,69,1.0
2,F,Y,N,100,95,69,1.0
2,F,Y,N,100,95,70,1.0
2,F,Y,N,100,95,70,1.0
2,F,Y,N,100,95,70,1.0
2,F,Y,N,100,95,70,1.0
2,F,Y,N,100,95,70,1.0
2,F,Y,N,100,95,70,1.0
2,F,Y,N,100,95,70,1.0
2,F,Y,N,100,95,70,1.0
2,F,Y,N,100,95,71,1.0
2,F,Y,N,100,95,71,1.0
2,F,Y,N,100,95,72,1.0
2,F,Y,N,100,95,72,1.0
2,F,Y,N,100,95,72,1.0
2,F,Y,N,100,95,73,1.0
2,F,Y,N,100,95,73,1.0
2,F,Y,N,100,95,73,1.0
2,F,Y,N,100,95,73,1.0
2,F,Y,N,100,95,74,1.0
2,F,Y,N,100,95,74,1.0
2,F,Y,N,100,95,75,1.0
2,F,Y,N,100,95,75,1.0
2,F,Y,N,100,95,76,1.0
2,F,Y,N,100,95,79,1.0
2,F,Y,N,100,95,80,1.0
3,F,Y,N,100,96,27,1.0
3,F,Y,N,100,96,31,1.0
3,F,Y,N,100,96,32,1.0
3,F,Y,N,100,96,43,1.0
3,F,Y,N,100,96,47,1.0
3,F,Y,N,100,96,48,1.0
3,F,Y,N,100,96,50,1.0
3,F,Y,N,100,96,55,1.0
3,F,Y,N,100,96,56,1.0
3,F,Y,N,100,96,57,1.0
3,F,Y,N,100,96,57,1.0
3,F,Y,N,100,96,57,1.0
3,F,Y,N,100,96,57,1.0
3,F,Y,N,100,96,58,1.0
3,F,Y,N,100,96,58,1.0
3,F,Y,N,100,96,59,1.0
3,F,Y,N,100,96,59,1.0
3,F,Y,N,100,96,60,1.0
3,F,Y,N,100,96,60,1.0
3,F,Y,N,100,96,60,1.0
3,F,Y,N,100,96,61,1.0
3,F,Y,N,100,96,61,1.0
3,F,Y,N,100,96,61,1.0
3,F,Y,N,100,96,61,1.0
3,F,Y,N,100,96,61,1.0
3,F,Y,N,100,96,62,1.0
3,F,Y,N,100,96,62,1.0
3,F,Y,N,100,96,62,1.0
3,F,Y,N,100,96,62,1.0
3,F,Y,N,100,96,62,1.0
3,F,Y,N,100,96,62,1.0
3,F,Y,N,100,96,63,1.0
3,F,Y,N,100,96,63,1.0
3,F,Y,N,100,96,63,1.0
3,F,Y,N,100,96,63,1.0
3,F,Y,N,100,96,63,1.0
3,F,Y,N,100,96,63,1.0
3,F,Y,N,100,96,64,1.0
3,F,Y,N,100,96,64,1.0
3,F,Y,N,100,96,64,1.0
3,F,Y,N,100,96,64,1.0
3,F,Y,N,100,96,64,1.0
3,F,Y,N,100,96,64,1.0
3,F,Y,N,100,96,64,1.0
3,F,Y,N,100,96,64,1.0
3,F,Y,N,100,96,64,1.0
3,F,Y,N,100,96,64,1.0
3,F,Y,N,100,96,64,1.0
3,F,Y,N,100,96,65,1.0
3,F,Y,N,100,96,65,1.0
3,F,Y,N,100,96,65,1.0
3,F,Y,N,100,96,65,1.0
3,F,Y,N,100,96,65,1.0
3,F,Y,N,100,96,65,1.0
3,F,Y,N,100,96,65,1.0
3,F,Y,N,100,96,66,1.0
3,F,Y,N,100,96,66,1.0
3,F,Y,N,100,96,66,1.0
3,F,Y,N,100,96,66,1.0
3,F,Y,N,100,96,66,1.0
3,F,Y,N,100,96,66,1.0
3,F,Y,N,100,96,66,1.0
3,F,Y,N,100,96,67,1.0
3,F,Y,N,100,96,67,1.0
3,F,Y,N,100,96,67,1.0
3,F,Y,N,100,96,68,1.0
3,F,Y,N,100,96,68,1.0
3,F,Y,N,100,96,68,1.0
3,F,Y,N,100,96,69,1.0
3,F,Y,N,100,96,69,1.0
3,F,Y,N,100,96,69,1.0
3,F,Y,N,100,96,70,1.0
3,F,Y,N,100,96,70,1.0
3,F,Y,N,100,96,70,1.0
3,F,Y,N,100,96,70,1.0
3,F,Y,N,100,96,70,1.0
3,F,Y,N,100,96,71,1.0
3,F,Y,N,100,96,71,1.0
3,F,Y,N,100,96,72,1.0
3,F,Y,N,100,96,72,1.0
3,F,Y,N,100,96,72,1.0
3,F,Y,N,100,96,72,1.0
3,F,Y,N,100,96,73,1.0
3,F,Y,N,100,96,73,1.0
3,F,Y,N,100,96,73,1.0
3,F,Y,N,100,96,73,1.0
3,F,Y,N,100,96,73,1.0
3,F,Y,N,100,96,74,1.0
3,F,Y,N,100,96,75,1.0
3,F,Y,N,100,96,75,1.0
3,F,Y,N,100,96,75,1.0
3,F,Y,N,100,96,76,1.0
3,F,Y,N,100,96,76,1.0
3,F,Y,N,100,96,77,1.0
3,F,Y,N,100,96,77,1.0
3,F,Y,N,100,96,79,1.0
4,F,Y,N,100,92,14,1.0
4,F,Y,N,100,92,54,1.0
4,F,Y,N,100,92,55,1.0
4,F,Y,N,100,92,55,1.0
4,F,Y,N,100,92,55,1.0
4,F,Y,N,100,92,55,1.0
4,F,Y,N,100,92,56,1.0
4,F,Y,N,100,92,56,1.0
4,F,Y,N,100,92,57,1.0
4,F,Y,N,100,92,57,1.0
4,F,Y,N,100,92,57,1.0
4,F,Y,N,100,92,57,1.0
4,F,Y,N,100,92,57,1.0
4,F,Y,N,100,92,58,1.0
4,F,Y,N,100,92,58,1.0
4,F,Y,N,100,92,59,1.0
4,F,Y,N,100,92,59,1.0
4,F,Y,N,100,92,59,1.0
4,F,Y,N,100,92,59,1.0
4,F,Y,N,100,92,59,1.0
4,F,Y,N,100,92,59,1.0
4,F,Y,N,100,92,59,1.0
4,F,Y,N,100,92,59,1.0
4,F,Y,N,100,92,60,1.0
4,F,Y,N,100,92,60,1.0
4,F,Y,N,100,92,60,1.0
4,F,Y,N,100,92,60,1.0
4,F,Y,N,100,92,60,1.0
4,F,Y,N,100,92,61,1.0
4,F,Y,N,100,92,61,1.0
4,F,Y,N,100,92,61,1.0
4,F,Y,N,100,92,61,1.0
4,F,Y,N,100,92,61,1.0
4,F,Y,N,100,92,62,1.0
4,F,Y,N,100,92,62,1.0
4,F,Y,N,100,92,62,1.0
4,F,Y,N,100,92,62,1.0
4,F,Y,N,100,92,62,1.0
4,F,Y,N,100,92,62,1.0
4,F,Y,N,100,92,62,1.0
4,F,Y,N,100,92,62,1.0
4,F,Y,N,100,92,62,1.0
4,F,Y,N,100,92,63,1.0
4,F,Y,N,100,92,63,1.0
4,F,Y,N,100,92,63,1.0
4,F,Y,N,100,92,63,1.0
4,F,Y,N,100,92,63,1.0
4,F,Y,N,100,92,63,1.0
4,F,Y,N,100,92,63,1.0
4,F,Y,N,100,92,63,1.0
4,F,Y,N,100,92,63,1.0
4,F,Y,N,100,92,63,1.0
4,F,Y,N,100,92,64,1.0
4,F,Y,N,100,92,64,1.0
4,F,Y,N,100,92,64,1.0
4,F,Y,N,100,92,64,1.0
4,F,Y,N,100,92,64,1.0
4,F,Y,N,100,92,64,1.0
4,F,Y,N,100,92,64,1.0
4,F,Y,N,100,92,64,1.0
4,F,Y,N,100,92,64,1.0
4,F,Y,N,100,92,65,1.0
4,F,Y,N,100,92,66,1.0
4,F,Y,N,100,92,66,1.0
4,F,Y,N,100,92,66,1.0
4,F,Y,N,100,92,66,1.0
4,F,Y,N,100,92,66,1.0
4,F,Y,N,100,92,66,1.0
4,F,Y,N,100,92,66,1.0
4,F,Y,N,100,92,66,1.0
4,F,Y,N,100,92,67,1.0
4,F,Y,N,100,92,67,1.0
4,F,Y,N,100,92,67,1.0
4,F,Y,N,100,92,67,1.0
4,F,Y,N,100,92,67,1.0
4,F,Y,N,100,92,67,1.0
4,F,Y,N,100,92,68,1.0
4,F,Y,N,100,92,68,1.0
4,F,Y,N,100,92,69,1.0
4,F,Y,N,100,92,69,1.0
4,F,Y,N,100,92,70,1.0
4,F,Y,N,100,92,70,1.0
4,F,Y,N,100,92,70,1.0
4,F,Y,N,100,92,70,1.0
4,F,Y,N,100,92,70,1.0
4,F,Y,N,100,92,71,1.0
4,F,Y,N,100,92,71,1.0
4,F,Y,N,100,92,73,1.0
4,F,Y,N,100,92,73,1.0
4,F,Y,N,100,92,75,1.0
4,F,Y,N,100,92,77,1.0
4,F,Y,N,100,92,80,1.0
1,M,Y,N,100,89,17,1.0
1,M,Y,N,100,89,29,1.0
1,M,Y,N,100,89,29,1.0
1,M,Y,N,100,89,32,1.0
1,M,Y,N,100,89,32,1.0
1,M,Y,N,100,89,32,1.0
1,M,Y,N,100,89,32,1.0
1,M,Y,N,100,89,42,1.0
1,M,Y,N,100,89,43,1.0
1,M,Y,N,100,89,44,1.0
1,M,Y,N,100,89,44,1.0
1,M,Y,N,100,89,44,1.0
1,M,Y,N,100,89,45,1.0
1,M,Y,N,100,89,45,1.0
1,M,Y,N,100,89,45,1.0
1,M,Y,N,100,89,45,1.0
1,M,Y,N,100,89,46,1.0
1,M,Y,N,100,89,46,1.0
1,M,Y,N,100,89,46,1.0
1,M,Y,N,100,89,47,1.0
1,M,Y,N,100,89,47,1.0
1,M,Y,N,100,89,49,1.0
1,M,Y,N,100,89,49,1.0
1,M,Y,N,100,89,49,1.0
1,M,Y,N,100,89,49,1.0
1,M,Y,N,100,89,50,1.0
1,M,Y,N,100,89,50,1.0
1,M,Y,N,100,89,51,1.0
1,M,Y,N,100,89,51,1.0
1,M,Y,N,100,89,51,1.0
1,M,Y,N,100,89,52,1.0
1,M,Y,N,100,89,52,1.0
1,M,Y,N,100,89,52,1.0
1,M,Y,N,100,89,52,1.0
1,M,Y,N,100,89,52,1.0
1,M,Y,N,100,89,53,1.0
1,M,Y,N,100,89,53,1.0
1,M,Y,N,100,89,53,1.0
1,M,Y,N,100,89,53,1.0
1,M,Y,N,100,89,53,1.0
1,M,Y,N,100,89,54,1.0
1,M,Y,N,100,89,54,1.0
1,M,Y,N,100,89,54,1.0
1,M,Y,N,100,89,54,1.0
1,M,Y,N,100,89,54,1.0
1,M,Y,N,100,89,54,1.0
1,M,Y,N,100,89,54,1.0
1,M,Y,N,100,89,54,1.0
1,M,Y,N,100,89,54,1.0
1,M,Y,N,100,89,54,1.0
1,M,Y,N,100,89,54,1.0
1,M,Y,N,100,89,54,1.0
1,M,Y,N,100,89,55,1.0
1,M,Y,N,100,89,55,1.0
1,M,Y,N,100,89,55,1.0
1,M,Y,N,100,89,56,1.0
1,M,Y,N,100,89,56,1.0
1,M,Y,N,100,89,56,1.0
1,M,Y,N,100,89,56,1.0
1,M,Y,N,100,89,57,1.0
1,M,Y,N,100,89,58,1.0
1,M,Y,N,100,89,58,1.0
1,M,Y,N,100,89,58,1.0
1,M,Y,N,100,89,59,1.0
1,M,Y,N,100,89,59,1.0
1,M,Y,N,100,89,60,1.0
1,M,Y,N,100,89,60,1.0
1,M,Y,N,100,89,61,1.0
1,M,Y,N,100,89,61,1.0
1,M,Y,N,100,89,62,1.0
1,M,Y,N,100,89,62,1.0
1,M,Y,N,100,89,62,1.0
1,M,Y,N,100,89,62,1.0
1,M,Y,N,100,89,63,1.0
1,M,Y,N,100,89,63,1.0
1,M,Y,N,100,89,63,1.0
1,M,Y,N,100,89,63,1.0
1,M,Y,N,100,89,64,1.0
1,M,Y,N,100,89,64,1.0
1,M,Y,N,100,89,64,1.0
1,M,Y,N,100,89,65,1.0
1,M,Y,N,100,89,66,1.0
1,M,Y,N,100,89,66,1.0
1,M,Y,N,100,89,66,1.0
1,M,Y,N,100,89,68,1.0
1,M,Y,N,100,89,71,1.0
1,M,Y,N,100,89,71,1.0
1,M,Y,N,100,89,73,1.0
1,M,Y,N,100,89,74,1.0
2,M,Y,N,100,81,13,1.0
2,M,Y,N,100,81,28,1.0
2,M,Y,N,100,81,31,1.0
2,M,Y,N,100,81,31,1.0
2,M,Y,N,100,81,32,1.0
2,M,Y,N,100,81,32,1.0
2,M,Y,N,100,81,34,1.0
2,M,Y,N,100,81,35,1.0
2,M,Y,N,100,81,36,1.0
2,M,Y,N,100,81,36,1.0
2,M,Y,N,100,81,36,1.0
2,M,Y,N,100,81,37,1.0
2,M,Y,N,100,81,37,1.0
2,M,Y,N,100,81,37,1.0
2,M,Y,N,100,81,38,1.0
2,M,Y,N,100,81,39,1.0
2,M,Y,N,100,81,39,1.0
2,M,Y,N,100,81,39,1.0
2,M,Y,N,100,81,39,1.0
2,M,Y,N,100,81,39,1.0
2,M,Y,N,100,81,39,1.0
2,M,Y,N,100,81,40,1.0
2,M,Y,N,100,81,41,1.0
2,M,Y,N,100,81,41,1.0
2,M,Y,N,100,81,41,1.0
2,M,Y,N,100,81,41,1.0
2,M,Y,N,100,81,41,1.0
2,M,Y,N,100,81,42,1.0
2,M,Y,N,100,81,43,1.0
2,M,Y,N,100,81,43,1.0
2,M,Y,N,100,81,43,1.0
2,M,Y,N,100,81,43,1.0
2,M,Y,N,100,81,43,1.0
2,M,Y,N,100,81,43,1.0
2,M,Y,N,100,81,44,1.0
2,M,Y,N,100,81,44,1.0
2,M,Y,N,100,81,44,1.0
2,M,Y,N,100,81,44,1.0
2,M,Y,N,100,81,45,1.0
2,M,Y,N,100,81,45,1.0
2,M,Y,N,100,81,45,1.0
2,M,Y,N,100,81,46,1.0
2,M,Y,N,100,81,47,1.0
2,M,Y,N,100,81,47,1.0
2,M,Y,N,100,81,48,1.0
2,M,Y,N,100,81,48,1.0
2,M,Y,N,100,81,48,1.0
2,M,Y,N,100,81,48,1.0
2,M,Y,N,100,81,48,1.0
2,M,Y,N,100,81,49,1.0
2,M,Y,N,100,81,49,1.0
2,M,Y,N,100,81,49,1.0
2,M,Y,N,100,81,50,1.0
2,M,Y,N,100,81,50,1.0
2,M,Y,N,100,81,51,1.0
2,M,Y,N,100,81,51,1.0
2,M,Y,N,100,81,51,1.0
2,M,Y,N,100,81,51,1.0
2,M,Y,N,100,81,51,1.0
2,M,Y,N,100,81,52,1.0
2,M,Y,N,100,81,52,1.0
2,M,Y,N,100,81,52,1.0
2,M,Y,N,100,81,53,1.0
2,M,Y,N,100,81,54,1.0
2,M,Y,N,100,81,54,1.0
2,M,Y,N,100,81,55,1.0
2,M,Y,N,100,81,55,1.0
2,M,Y,N,100,81,56,1.0
2,M,Y,N,100,81,56,1.0
2,M,Y,N,100,81,56,1.0
2,M,Y,N,100,81,57,1.0
2,M,Y,N,100,81,58,1.0
2,M,Y,N,100,81,61,1.0
2,M,Y,N,100,81,63,1.0
2,M,Y,N,100,81,64,1.0
2,M,Y,N,100,81,64,1.0
2,M,Y,N,100,81,68,1.0
2,M,Y,N,100,81,69,1.0
2,M,Y,N,100,81,70,1.0
2,M,Y,N,100,81,70,1.0
2,M,Y,N,100,81,101,1.0
3,M,Y,N,100,90,17,1.0
3,M,Y,N,100,90,32,1.0
3,M,Y,N,100,90,33,1.0
3,M,Y,N,100,90,33,1.0
3,M,Y,N,100,90,34,1.0
3,M,Y,N,100,90,36,1.0
3,M,Y,N,100,90,37,1.0
3,M,Y,N,100,90,39,1.0
3,M,Y,N,100,90,39,1.0
3,M,Y,N,100,90,40,1.0
3,M,Y,N,100,90,41,1.0
3,M,Y,N,100,90,42,1.0
3,M,Y,N,100,90,43,1.0
3,M,Y,N,100,90,43,1.0
3,M,Y,N,100,90,43,1.0
3,M,Y,N,100,90,44,1.0
3,M,Y,N,100,90,44,1.0
3,M,Y,N,100,90,44,1.0
3,M,Y,N,100,90,44,1.0
3,M,Y,N,100,90,45,1.0
3,M,Y,N,100,90,45,1.0
3,M,Y,N,100,90,45,1.0
3,M,Y,N,100,90,45,1.0
3,M,Y,N,100,90,45,1.0
3,M,Y,N,100,90,45,1.0
3,M,Y,N,100,90,46,1.0
3,M,Y,N,100,90,46,1.0
3,M,Y,N,100,90,47,1.0
3,M,Y,N,100,90,47,1.0
3,M,Y,N,100,90,47,1.0
3,M,Y,N,100,90,47,1.0
3,M,Y,N,100,90,48,1.0
3,M,Y,N,100,90,48,1.0
3,M,Y,N,100,90,48,1.0
3,M,Y,N,100,90,48,1.0
3,M,Y,N,100,90,49,1.0
3,M,Y,N,100,90,49,1.0
3,M,Y,N,100,90,50,1.0
3,M,Y,N,100,90,50,1.0
3,M,Y,N,100,90,50,1.0
3,M,Y,N,100,90,50,1.0
3,M,Y,N,100,90,51,1.0
3,M,Y,N,100,90,51,1.0
3,M,Y,N,100,90,51,1.0
3,M,Y,N,100,90,51,1.0
3,M,Y,N,100,90,51,1.0
3,M,Y,N,100,90,52,1.0
3,M,Y,N,100,90,52,1.0
3,M,Y,N,100,90,52,1.0
3,M,Y,N,100,90,53,1.0
3,M,Y,N,100,90,53,1.0
3,M,Y,N,100,90,53,1.0
3,M,Y,N,100,90,54,1.0
3,M,Y,N,100,90,54,1.0
3,M,Y,N,100,90,54,1.0
3,M,Y,N,100,90,54,1.0
3,M,Y,N,100,90,54,1.0
3,M,Y,N,100,90,54,1.0
3,M,Y,N,100,90,54,1.0
3,M,Y,N,100,90,54,1.0
3,M,Y,N,100,90,54,1.0
3,M,Y,N,100,90,55,1.0
3,M,Y,N,100,90,55,1.0
3,M,Y,N,100,90,55,1.0
3,M,Y,N,100,90,55,1.0
3,M,Y,N,100,90,57,1.0
3,M,Y,N,100,90,57,1.0
3,M,Y,N,100,90,58,1.0
3,M,Y,N,100,90,58,1.0
3,M,Y,N,100,90,58,1.0
3,M,Y,N,100,90,58,1.0
3,M,Y,N,100,90,58,1.0
3,M,Y,N,100,90,58,1.0
3,M,Y,N,100,90,59,1.0
3,M,Y,N,100,90,59,1.0
3,M,Y,N,100,90,59,1.0
3,M,Y,N,100,90,59,1.0
3,M,Y,N,100,90,59,1.0
3,M,Y,N,100,90,59,1.0
3,M,Y,N,100,90,59,1.0
3,M,Y,N,100,90,61,1.0
3,M,Y,N,100,90,61,1.0
3,M,Y,N,100,90,61,1.0
3,M,Y,N,100,90,63,1.0
3,M,Y,N,100,90,64,1.0
3,M,Y,N,100,90,65,1.0
3,M,Y,N,100,90,65,1.0
3,M,Y,N,100,90,66,1.0
3,M,Y,N,100,90,70,1.0
3,M,Y,N,100,90,71,1.0
4,M,Y,N,100,100,5,1.0
4,M,Y,N,100,100,13,1.0
4,M,Y,N,100,100,25,1.0
4,M,Y,N,100,100,26,1.0
4,M,Y,N,100,100,32,1.0
4,M,Y,N,100,100,33,1.0
4,M,Y,N,100,100,34,1.0
4,M,Y,N,100,100,35,1.0
4,M,Y,N,100,100,37,1.0
4,M,Y,N,100,100,39,1.0
4,M,Y,N,100,100,39,1.0
4,M,Y,N,100,100,40,1.0
4,M,Y,N,100,100,41,1.0
4,M,Y,N,100,100,42,1.0
4,M,Y,N,100,100,42,1.0
4,M,Y,N,100,100,43,1.0
4,M,Y,N,100,100,43,1.0
4,M,Y,N,100,100,43,1.0
4,M,Y,N,100,100,43,1.0
4,M,Y,N,100,100,43,1.0
4,M,Y,N,100,100,43,1.0
4,M,Y,N,100,100,44,1.0
4,M,Y,N,100,100,45,1.0
4,M,Y,N,100,100,45,1.0
4,M,Y,N,100,100,46,1.0
4,M,Y,N,100,100,46,1.0
4,M,Y,N,100,100,46,1.0
4,M,Y,N,100,100,47,1.0
4,M,Y,N,100,100,47,1.0
4,M,Y,N,100,100,47,1.0
4,M,Y,N,100,100,47,1.0
4,M,Y,N,100,100,47,1.0
4,M,Y,N,100,100,47,1.0
4,M,Y,N,100,100,47,1.0
4,M,Y,N,100,100,47,1.0
4,M,Y,N,100,100,48,1.0
4,M,Y,N,100,100,48,1.0
4,M,Y,N,100,100,48,1.0
4,M,Y,N,100,100,49,1.0
4,M,Y,N,100,100,49,1.0
4,M,Y,N,100,100,49,1.0
4,M,Y,N,100,100,49,1.0
4,M,Y,N,100,100,49,1.0
4,M,Y,N,100,100,49,1.0
4,M,Y,N,100,100,49,1.0
4,M,Y,N,100,100,49,1.0
4,M,Y,N,100,100,49,1.0
4,M,Y,N,100,100,50,1.0
4,M,Y,N,100,100,50,1.0
4,M,Y,N,100,100,50,1.0
4,M,Y,N,100,100,51,1.0
4,M,Y,N,100,100,51,1.0
4,M,Y,N,100,100,51,1.0
4,M,Y,N,100,100,52,1.0
4,M,Y,N,100,100,53,1.0
4,M,Y,N,100,100,53,1.0
4,M,Y,N,100,100,54,1.0
4,M,Y,N,100,100,54,1.0
4,M,Y,N,100,100,54,1.0
4,M,Y,N,100,100,54,1.0
4,M,Y,N,100,100,54,1.0
4,M,Y,N,100,100,55,1.0
4,M,Y,N,100,100,55,1.0
4,M,Y,N,100,100,55,1.0
4,M,Y,N,100,100,55,1.0
4,M,Y,N,100,100,55,1.0
4,M,Y,N,100,100,55,1.0
4,M,Y,N,100,100,55,1.0
4,M,Y,N,100,100,56,1.0
4,M,Y,N,100,100,57,1.0
4,M,Y,N,100,100,57,1.0
4,M,Y,N,100,100,58,1.0
4,M,Y,N,100,100,58,1.0
4,M,Y,N,100,100,58,1.0
4,M,Y,N,100,100,58,1.0
4,M,Y,N,100,100,58,1.0
4,M,Y,N,100,100,58,1.0
4,M,Y,N,100,100,59,1.0
4,M,Y,N,100,100,59,1.0
4,M,Y,N,100,100,59,1.0
4,M,Y,N,100,100,60,1.0
4,M,Y,N,100,100,60,1.0
4,M,Y,N,100,100,60,1.0
4,M,Y,N,100,100,60,1.0
4,M,Y,N,100,100,61,1.0
4,M,Y,N,100,100,61,1.0
4,M,Y,N,100,100,61,1.0
4,M,Y,N,100,100,62,1.0
4,M,Y,N,100,100,63,1.0
4,M,Y,N,100,100,63,1.0
4,M,Y,N,100,100,63,1.0
4,M,Y,N,100,100,64,1.0
4,M,Y,N,100,100,65,1.0
4,M,Y,N,100,100,65,1.0
4,M,Y,N,100,100,66,1.0
4,M,Y,N,100,100,69,1.0
4,M,Y,N,100,100,69,1.0
4,M,Y,N,100,100,71,1.0
4,M,Y,N,100,100,74,1.0
4,M,Y,N,100,100,74,1.0
1,F,Y,Y,100,94,24,1.0
1,F,Y,Y,100,94,26,1.0
1,F,Y,Y,100,94,27,1.0
1,F,Y,Y,100,94,41,1.0
1,F,Y,Y,100,94,43,1.0
1,F,Y,Y,100,94,46,1.0
1,F,Y,Y,100,94,47,1.0
1,F,Y,Y,100,94,47,1.0
1,F,Y,Y,100,94,52,1.0
1,F,Y,Y,100,94,53,1.0
1,F,Y,Y,100,94,53,1.0
1,F,Y,Y,100,94,53,1.0
1,F,Y,Y,100,94,54,1.0
1,F,Y,Y,100,94,54,1.0
1,F,Y,Y,100,94,54,1.0
1,F,Y,Y,100,94,55,1.0
1,F,Y,Y,100,94,55,1.0
1,F,Y,Y,100,94,56,1.0
1,F,Y,Y,100,94,57,1.0
1,F,Y,Y,100,94,57,1.0
1,F,Y,Y,100,94,57,1.0
1,F,Y,Y,100,94,58,1.0
1,F,Y,Y,100,94,58,1.0
1,F,Y,Y,100,94,58,1.0
1,F,Y,Y,100,94,58,1.0
1,F,Y,Y,100,94,58,1.0
1,F,Y,Y,100,94,58,1.0
1,F,Y,Y,100,94,59,1.0
1,F,Y,Y,100,94,59,1.0
1,F,Y,Y,100,94,59,1.0
1,F,Y,Y,100,94,59,1.0
1,F,Y,Y,100,94,60,1.0
1,F,Y,Y,100,94,60,1.0
1,F,Y,Y,100,94,60,1.0
1,F,Y,Y,100,94,61,1.0
1,F,Y,Y,100,94,62,1.0
1,F,Y,Y,100,94,62,1.0
1,F,Y,Y,100,94,62,1.0
1,F,Y,Y,100,94,62,1.0
1,F,Y,Y,100,94,62,1.0
1,F,Y,Y,100,94,62,1.0
1,F,Y,Y,100,94,62,1.0
1,F,Y,Y,100,94,62,1.0
1,F,Y,Y,100,94,63,1.0
1,F,Y,Y,100,94,63,1.0
1,F,Y,Y,100,94,63,1.0
1,F,Y,Y,100,94,63,1.0
1,F,Y,Y,100,94,63,1.0
1,F,Y,Y,100,94,63,1.0
1,F,Y,Y,100,94,64,1.0
1,F,Y,Y,100,94,64,1.0
1,F,Y,Y,100,94,64,1.0
1,F,Y,Y,100,94,64,1.0
1,F,Y,Y,100,94,64,1.0
1,F,Y,Y,100,94,64,1.0
1,F,Y,Y,100,94,64,1.0
1,F,Y,Y,100,94,65,1.0
1,F,Y,Y,100,94,65,1.0
1,F,Y,Y,100,94,65,1.0
1,F,Y,Y,100,94,66,1.0
1,F,Y,Y,100,94,66,1.0
1,F,Y,Y,100,94,66,1.0
1,F,Y,Y,100,94,67,1.0
1,F,Y,Y,100,94,67,1.0
1,F,Y,Y,100,94,67,1.0
1,F,Y,Y,100,94,67,1.0
1,F,Y,Y,100,94,67,1.0
1,F,Y,Y,100,94,67,1.0
1,F,Y,Y,100,94,68,1.0
1,F,Y,Y,100,94,68,1.0
1,F,Y,Y,100,94,68,1.0
1,F,Y,Y,100,94,69,1.0
1,F,Y,Y,100,94,69,1.0
1,F,Y,Y,100,94,69,1.0
1,F,Y,Y,100,94,70,1.0
1,F,Y,Y,100,94,70,1.0
1,F,Y,Y,100,94,70,1.0
1,F,Y,Y,100,94,70,1.0
1,F,Y,Y,100,94,71,1.0
1,F,Y,Y,100,94,71,1.0
1,F,Y,Y,100,94,71,1.0
1,F,Y,Y,100,94,71,1.0
1,F,Y,Y,100,94,71,1.0
1,F,Y,Y,100,94,72,1.0
1,F,Y,Y,100,94,73,1.0
1,F,Y,Y,100,94,74,1.0
1,F,Y,Y,100,94,74,1.0
1,F,Y,Y,100,94,74,1.0
1,F,Y,Y,100,94,74,1.0
1,F,Y,Y,100,94,74,1.0
1,F,Y,Y,100,94,75,1.0
1,F,Y,Y,100,94,77,1.0
1,F,Y,Y,100,94,77,1.0
1,F,Y,Y,100,94,77,1.0
2,F,Y,Y,100,95,4,1.0
2,F,Y,Y,100,95,8,1.0
2,F,Y,Y,100,95,8,1.0
2,F,Y,Y,100,95,30,1.0
2,F,Y,Y,100,95,37,1.0
2,F,Y,Y,100,95,40,1.0
2,F,Y,Y,100,95,43,1.0
2,F,Y,Y,100,95,47,1.0
2,F,Y,Y,100,95,48,1.0
2,F,Y,Y,100,95,48,1.0
2,F,Y,Y,100,95,48,1.0
2,F,Y,Y,100,95,49,1.0
2,F,Y,Y,100,95,51,1.0
2,F,Y,Y,100,95,51,1.0
2,F,Y,Y,100,95,52,1.0
2,F,Y,Y,100,95,52,1.0
2,F,Y,Y,100,95,53,1.0
2,F,Y,Y,100,95,53,1.0
2,F,Y,Y,100,95,53,1.0
2,F,Y,Y,100,95,54,1.0
2,F,Y,Y,100,95,54,1.0
2,F,Y,Y,100,95,54,1.0
2,F,Y,Y,100,95,55,1.0
2,F,Y,Y,100,95,55,1.0
2,F,Y,Y,100,95,55,1.0
2,F,Y,Y,100,95,55,1.0
2,F,Y,Y,100,95,56,1.0
2,F,Y,Y,100,95,57,1.0
2,F,Y,Y,100,95,57,1.0
2,F,Y,Y,100,95,57,1.0
2,F,Y,Y,100,95,57,1.0
2,F,Y,Y,100,95,57,1.0
2,F,Y,Y,100,95,57,1.0
2,F,Y,Y,100,95,57,1.0
2,F,Y,Y,100,95,57,1.0
2,F,Y,Y,100,95,58,1.0
2,F,Y,Y,100,95,58,1.0
2,F,Y,Y,100,95,58,1.0
2,F,Y,Y,100,95,59,1.0
2,F,Y,Y,100,95,59,1.0
2,F,Y,Y,100,95,59,1.0
2,F,Y,Y,100,95,59,1.0
2,F,Y,Y,100,95,60,1.0
2,F,Y,Y,100,95,60,1.0
2,F,Y,Y,100,95,60,1.0
2,F,Y,Y,100,95,60,1.0
2,F,Y,Y,100,95,60,1.0
2,F,Y,Y,100,95,61,1.0
2,F,Y,Y,100,95,62,1.0
2,F,Y,Y,100,95,62,1.0
2,F,Y,Y,100,95,62,1.0
2,F,Y,Y,100,95,63,1.0
2,F,Y,Y,100,95,63,1.0
2,F,Y,Y,100,95,63,1.0
2,F,Y,Y,100,95,63,1.0
2,F,Y,Y,100,95,64,1.0
2,F,Y,Y,100,95,64,1.0
2,F,Y,Y,100,95,64,1.0
2,F,Y,Y,100,95,64,1.0
2,F,Y,Y,100,95,64,1.0
2,F,Y,Y,100,95,64,1.0
2,F,Y,Y,100,95,64,1.0
2,F,Y,Y,100,95,65,1.0
2,F,Y,Y,100,95,65,1.0
2,F,Y,Y,100,95,65,1.0
2,F,Y,Y,100,95,65,1.0
2,F,Y,Y,100,95,65,1.0
2,F,Y,Y,100,95,65,1.0
2,F,Y,Y,100,95,65,1.0
2,F,Y,Y,100,95,65,1.0
2,F,Y,Y,100,95,65,1.0
2,F,Y,Y,100,95,66,1.0
2,F,Y,Y,100,95,66,1.0
2,F,Y,Y,100,95,67,1.0
2,F,Y,Y,100,95,67,1.0
2,F,Y,Y,100,95,67,1.0
2,F,Y,Y,100,95,68,1.0
2,F,Y,Y,100,95,68,1.0
2,F,Y,Y,100,95,68,1.0
2,F,Y,Y,100,95,68,1.0
2,F,Y,Y,100,95,68,1.0
2,F,Y,Y,100,95,70,1.0
2,F,Y,Y,100,95,70,1.0
2,F,Y,Y,100,95,70,1.0
2,F,Y,Y,100,95,71,1.0
2,F,Y,Y,100,95,71,1.0
2,F,Y,Y,100,95,72,1.0
2,F,Y,Y,100,95,72,1.0
2,F,Y,Y,100,95,73,1.0
2,F,Y,Y,100,95,73,1.0
2,F,Y,Y,100,95,73,1.0
2,F,Y,Y,100,95,74,1.0
2,F,Y,Y,100,95,75,1.0
2,F,Y,Y,100,95,77,1.0
2,F,Y,Y,100,95,80,1.0
3,F,Y,Y,100,96,34,1.0
3,F,Y,Y,100,96,37,1.0
3,F,Y,Y,100,96,40,1.0
3,F,Y,Y,100,96,45,1.0
3,F,Y,Y,100,96,49,1.0
3,F,Y,Y,100,96,51,1.0
3,F,Y,Y,100,96,53,1.0
3,F,Y,Y,100,96,53,1.0
3,F,Y,Y,100,96,53,1.0
3,F,Y,Y,100,96,53,1.0
3,F,Y,Y,100,96,53,1.0
3,F,Y,Y,100,96,54,1.0
3,F,Y,Y,100,96,54,1.0
3,F,Y,Y,100,96,54,1.0
3,F,Y,Y,100,96,55,1.0
3,F,Y,Y,100,96,55,1.0
3,F,Y,Y,100,96,55,1.0
3,F,Y,Y,100,96,56,1.0
3,F,Y,Y,100,96,58,1.0
3,F,Y,Y,100,96,59,1.0
3,F,Y,Y,100,96,59,1.0
3,F,Y,Y,100,96,59,1.0
3,F,Y,Y,100,96,60,1.0
3,F,Y,Y,100,96,60,1.0
3,F,Y,Y,100,96,60,1.0
3,F,Y,Y,100,96,60,1.0
3,F,Y,Y,100,96,60,1.0
3,F,Y,Y,100,96,60,1.0
3,F,Y,Y,100,96,60,1.0
3,F,Y,Y,100,96,60,1.0
3,F,Y,Y,100,96,60,1.0
3,F,Y,Y,100,96,61,1.0
3,F,Y,Y,100,96,61,1.0
3,F,Y,Y,100,96,61,1.0
3,F,Y,Y,100,96,61,1.0
3,F,Y,Y,100,96,62,1.0
3,F,Y,Y,100,96,62,1.0
3,F,Y,Y,100,96,62,1.0
3,F,Y,Y,100,96,62,1.0
3,F,Y,Y,100,96,62,1.0
3,F,Y,Y,100,96,62,1.0
3,F,Y,Y,100,96,62,1.0
3,F,Y,Y,100,96,62,1.0
3,F,Y,Y,100,96,62,1.0
3,F,Y,Y,100,96,63,1.0
3,F,Y,Y,100,96,63,1.0
3,F,Y,Y,100,96,63,1.0
3,F,Y,Y,100,96,63,1.0
3,F,Y,Y,100,96,63,1.0
3,F,Y,Y,100,96,63,1.0
3,F,Y,Y,100,96,63,1.0
3,F,Y,Y,100,96,63,1.0
3,F,Y,Y,100,96,63,1.0
3,F,Y,Y,100,96,64,1.0
3,F,Y,Y,100,96,64,1.0
3,F,Y,Y,100,96,64,1.0
3,F,Y,Y,100,96,64,1.0
3,F,Y,Y,100,96,64,1.0
3,F,Y,Y,100,96,65,1.0
3,F,Y,Y,100,96,65,1.0
3,F,Y,Y,100,96,65,1.0
3,F,Y,Y,100,96,65,1.0
3,F,Y,Y,100,96,65,1.0
3,F,Y,Y,100,96,65,1.0
3,F,Y,Y,100,96,65,1.0
3,F,Y,Y,100,96,66,1.0
3,F,Y,Y,100,96,66,1.0
3,F,Y,Y,100,96,66,1.0
3,F,Y,Y,100,96,66,1.0
3,F,Y,Y,100,96,66,1.0
3,F,Y,Y,100,96,66,1.0
3,F,Y,Y,100,96,67,1.0
3,F,Y,Y,100,96,68,1.0
3,F,Y,Y,100,96,68,1.0
3,F,Y,Y,100,96,68,1.0
3,F,Y,Y,100,96,68,1.0
3,F,Y,Y,100,96,68,1.0
3,F,Y,Y,100,96,69,1.0
3,F,Y,Y,100,96,69,1.0
3,F,Y,Y,100,96,69,1.0
3,F,Y,Y,100,96,69,1.0
3,F,Y,Y,100,96,70,1.0
3,F,Y,Y,100,96,70,1.0
3,F,Y,Y,100,96,70,1.0
3,F,Y,Y,100,96,71,1.0
3,F,Y,Y,100,96,71,1.0
3,F,Y,Y,100,96,71,1.0
3,F,Y,Y,100,96,72,1.0
3,F,Y,Y,100,96,72,1.0
3,F,Y,Y,100,96,72,1.0
3,F,Y,Y,100,96,73,1.0
3,F,Y,Y,100,96,73,1.0
3,F,Y,Y,100,96,74,1.0
3,F,Y,Y,100,96,75,1.0
3,F,Y,Y,100,96,75,1.0
3,F,Y,Y,100,96,87,1.0
4,F,Y,Y,100,106,8,1.0
4,F,Y,Y,100,106,36,1.0
4,F,Y,Y,100,106,39,1.0
4,F,Y,Y,100,106,40,1.0
4,F,Y,Y,100,106,40,1.0
4,F,Y,Y,100,106,45,1.0
4,F,Y,Y,100,106,46,1.0
4,F,Y,Y,100,106,52,1.0
4,F,Y,Y,100,106,53,1.0
4,F,Y,Y,100,106,53,1.0
4,F,Y,Y,100,106,54,1.0
4,F,Y,Y,100,106,54,1.0
4,F,Y,Y,100,106,54,1.0
4,F,Y,Y,100,106,55,1.0
4,F,Y,Y,100,106,55,1.0
4,F,Y,Y,100,106,55,1.0
4,F,Y,Y,100,106,55,1.0
4,F,Y,Y,100,106,55,1.0
4,F,Y,Y,100,106,55,1.0
4,F,Y,Y,100,106,56,1.0
4,F,Y,Y,100,106,56,1.0
4,F,Y,Y,100,106,56,1.0
4,F,Y,Y,100,106,56,1.0
4,F,Y,Y,100,106,56,1.0
4,F,Y,Y,100,106,56,1.0
4,F,Y,Y,100,106,56,1.0
4,F,Y,Y,100,106,56,1.0
4,F,Y,Y,100,106,56,1.0
4,F,Y,Y,100,106,56,1.0
4,F,Y,Y,100,106,56,1.0
4,F,Y,Y,100,106,56,1.0
4,F,Y,Y,100,106,56,1.0
4,F,Y,Y,100,106,56,1.0
4,F,Y,Y,100,106,56,1.0
4,F,Y,Y,100,106,56,1.0
4,F,Y,Y,100,106,57,1.0
4,F,Y,Y,100,106,57,1.0
4,F,Y,Y,100,106,58,1.0
4,F,Y,Y,100,106,58,1.0
4,F,Y,Y,100,106,59,1.0
4,F,Y,Y,100,106,59,1.0
4,F,Y,Y,100,106,59,1.0
4,F,Y,Y,100,106,59,1.0
4,F,Y,Y,100,106,59,1.0
4,F,Y,Y,100,106,59,1.0
4,F,Y,Y,100,106,59,1.0
4,F,Y,Y,100,106,59,1.0
4,F,Y,Y,100,106,59,1.0
4,F,Y,Y,100,106,60,1.0
4,F,Y,Y,100,106,60,1.0
4,F,Y,Y,100,106,60,1.0
4,F,Y,Y,100,106,60,1.0
4,F,Y,Y,100,106,60,1.0
4,F,Y,Y,100,106,60,1.0
4,F,Y,Y,100,106,60,1.0
4,F,Y,Y,100,106,60,1.0
4,F,Y,Y,100,106,60,1.0
4,F,Y,Y,100,106,61,1.0
4,F,Y,Y,100,106,61,1.0
4,F,Y,Y,100,106,61,1.0
4,F,Y,Y,100,106,61,1.0
4,F,Y,Y,100,106,61,1.0
4,F,Y,Y,100,106,62,1.0
4,F,Y,Y,100,106,62,1.0
4,F,Y,Y,100,106,62,1.0
4,F,Y,Y,100,106,62,1.0
4,F,Y,Y,100,106,62,1.0
4,F,Y,Y,100,106,62,1.0
4,F,Y,Y,100,106,63,1.0
4,F,Y,Y,100,106,63,1.0
4,F,Y,Y,100,106,63,1.0
4,F,Y,Y,100,106,63,1.0
4,F,Y,Y,100,106,63,1.0
4,F,Y,Y,100,106,63,1.0
4,F,Y,Y,100,106,63,1.0
4,F,Y,Y,100,106,64,1.0
4,F,Y,Y,100,106,64,1.0
4,F,Y,Y,100,106,64,1.0
4,F,Y,Y,100,106,64,1.0
4,F,Y,Y,100,106,64,1.0
4,F,Y,Y,100,106,64,1.0
4,F,Y,Y,100,106,65,1.0
4,F,Y,Y,100,106,65,1.0
4,F,Y,Y,100,106,66,1.0
4,F,Y,Y,100,106,66,1.0
4,F,Y,Y,100,106,66,1.0
4,F,Y,Y,100,106,67,1.0
4,F,Y,Y,100,106,68,1.0
4,F,Y,Y,100,106,68,1.0
4,F,Y,Y,100,106,68,1.0
4,F,Y,Y,100,106,68,1.0
4,F,Y,Y,100,106,69,1.0
4,F,Y,Y,100,106,69,1.0
4,F,Y,Y,100,106,69,1.0
4,F,Y,Y,100,106,69,1.0
4,F,Y,Y,100,106,70,1.0
4,F,Y,Y,100,106,70,1.0
4,F,Y,Y,100,106,70,1.0
4,F,Y,Y,100,106,70,1.0
4,F,Y,Y,100,106,71,1.0
4,F,Y,Y,100,106,72,1.0
4,F,Y,Y,100,106,74,1.0
4,F,Y,Y,100,106,74,1.0
4,F,Y,Y,100,106,75,1.0
4,F,Y,Y,100,106,79,1.0
4,F,Y,Y,100,106,105,1.0
1,M,Y,Y,100,99,3,1.0
1,M,Y,Y,100,99,12,1.0
1,M,Y,Y,100,99,12,1.0
1,M,Y,Y,100,99,18,1.0
1,M,Y,Y,100,99,26,1.0
1,M,Y,Y,100,99,27,1.0
1,M,Y,Y,100,99,29,1.0
1,M,Y,Y,100,99,30,1.0
1,M,Y,Y,100,99,34,1.0
1,M,Y,Y,100,99,35,1.0
1,M,Y,Y,100,99,36,1.0
1,M,Y,Y,100,99,37,1.0
1,M,Y,Y,100,99,38,1.0
1,M,Y,Y,100,99,38,1.0
1,M,Y,Y,100,99,38,1.0
1,M,Y,Y,100,99,38,1.0
1,M,Y,Y,100,99,39,1.0
1,M,Y,Y,100,99,40,1.0
1,M,Y,Y,100,99,40,1.0
1,M,Y,Y,100,99,41,1.0
1,M,Y,Y,100,99,42,1.0
1,M,Y,Y,100,99,43,1.0
1,M,Y,Y,100,99,43,1.0
1,M,Y,Y,100,99,43,1.0
1,M,Y,Y,100,99,43,1.0
1,M,Y,Y,100,99,43,1.0
1,M,Y,Y,100,99,44,1.0
1,M,Y,Y,100,99,45,1.0
1,M,Y,Y,100,99,45,1.0
1,M,Y,Y,100,99,45,1.0
1,M,Y,Y,100,99,45,1.0
1,M,Y,Y,100,99,45,1.0
1,M,Y,Y,100,99,45,1.0
1,M,Y,Y,100,99,45,1.0
1,M,Y,Y,100,99,45,1.0
1,M,Y,Y,100,99,46,1.0
1,M,Y,Y,100,99,46,1.0
1,M,Y,Y,100,99,46,1.0
1,M,Y,Y,100,99,46,1.0
1,M,Y,Y,100,99,46,1.0
1,M,Y,Y,100,99,46,1.0
1,M,Y,Y,100,99,47,1.0
1,M,Y,Y,100,99,48,1.0
1,M,Y,Y,100,99,48,1.0
1,M,Y,Y,100,99,49,1.0
1,M,Y,Y,100,99,49,1.0
1,M,Y,Y,100,99,49,1.0
1,M,Y,Y,100,99,49,1.0
1,M,Y,Y,100,99,49,1.0
1,M,Y,Y,100,99,50,1.0
1,M,Y,Y,100,99,50,1.0
1,M,Y,Y,100,99,50,1.0
1,M,Y,Y,100,99,50,1.0
1,M,Y,Y,100,99,50,1.0
1,M,Y,Y,100,99,51,1.0
1,M,Y,Y,100,99,51,1.0
1,M,Y,Y,100,99,51,1.0
1,M,Y,Y,100,99,51,1.0
1,M,Y,Y,100,99,51,1.0
1,M,Y,Y,100,99,52,1.0
1,M,Y,Y,100,99,52,1.0
1,M,Y,Y,100,99,52,1.0
1,M,Y,Y,100,99,52,1.0
1,M,Y,Y,100,99,52,1.0
1,M,Y,Y,100,99,52,1.0
1,M,Y,Y,100,99,52,1.0
1,M,Y,Y,100,99,53,1.0
1,M,Y,Y,100,99,53,1.0
1,M,Y,Y,100,99,53,1.0
1,M,Y,Y,100,99,54,1.0
1,M,Y,Y,100,99,54,1.0
1,M,Y,Y,100,99,54,1.0
1,M,Y,Y,100,99,54,1.0
1,M,Y,Y,100,99,54,1.0
1,M,Y,Y,100,99,54,1.0
1,M,Y,Y,100,99,55,1.0
1,M,Y,Y,100,99,55,1.0
1,M,Y,Y,100,99,55,1.0
1,M,Y,Y,100,99,56,1.0
1,M,Y,Y,100,99,57,1.0
1,M,Y,Y,100,99,57,1.0
1,M,Y,Y,100,99,57,1.0
1,M,Y,Y,100,99,58,1.0
1,M,Y,Y,100,99,58,1.0
1,M,Y,Y,100,99,62,1.0
1,M,Y,Y,100,99,62,1.0
1,M,Y,Y,100,99,62,1.0
1,M,Y,Y,100,99,63,1.0
1,M,Y,Y,100,99,65,1.0
1,M,Y,Y,100,99,65,1.0
1,M,Y,Y,100,99,66,1.0
1,M,Y,Y,100,99,66,1.0
1,M,Y,Y,100,99,66,1.0
1,M,Y,Y,100,99,66,1.0
1,M,Y,Y,100,99,66,1.0
1,M,Y,Y,100,99,67,1.0
1,M,Y,Y,100,99,68,1.0
1,M,Y,Y,100,99,68,1.0
1,M,Y,Y,100,99,70,1.0
2,M,Y,Y,100,99,22,1.0
2,M,Y,Y,100,99,26,1.0
2,M,Y,Y,100,99,32,1.0
2,M,Y,Y,100,99,32,1.0
2,M,Y,Y,100,99,32,1.0
2,M,Y,Y,100,99,33,1.0
2,M,Y,Y,100,99,33,1.0
2,M,Y,Y,100,99,33,1.0
2,M,Y,Y,100,99,34,1.0
2,M,Y,Y,100,99,34,1.0
2,M,Y,Y,100,99,34,1.0
2,M,Y,Y,100,99,35,1.0
2,M,Y,Y,100,99,36,1.0
2,M,Y,Y,100,99,36,1.0
2,M,Y,Y,100,99,36,1.0
2,M,Y,Y,100,99,36,1.0
2,M,Y,Y,100,99,36,1.0
2,M,Y,Y,100,99,37,1.0
2,M,Y,Y,100,99,38,1.0
2,M,Y,Y,100,99,38,1.0
2,M,Y,Y,100,99,38,1.0
2,M,Y,Y,100,99,38,1.0
2,M,Y,Y,100,99,38,1.0
2,M,Y,Y,100,99,38,1.0
2,M,Y,Y,100,99,39,1.0
2,M,Y,Y,100,99,40,1.0
2,M,Y,Y,100,99,40,1.0
2,M,Y,Y,100,99,40,1.0
2,M,Y,Y,100,99,41,1.0
2,M,Y,Y,100,99,41,1.0
2,M,Y,Y,100,99,41,1.0
2,M,Y,Y,100,99,41,1.0
2,M,Y,Y,100,99,42,1.0
2,M,Y,Y,100,99,42,1.0
2,M,Y,Y,100,99,42,1.0
2,M,Y,Y,100,99,42,1.0
2,M,Y,Y,100,99,42,1.0
2,M,Y,Y,100,99,43,1.0
2,M,Y,Y,100,99,43,1.0
2,M,Y,Y,100,99,44,1.0
2,M,Y,Y,100,99,45,1.0
2,M,Y,Y,100,99,46,1.0
2,M,Y,Y,100,99,46,1.0
2,M,Y,Y,100,99,47,1.0
2,M,Y,Y,100,99,47,1.0
2,M,Y,Y,100,99,48,1.0
2,M,Y,Y,100,99,48,1.0
2,M,Y,Y,100,99,48,1.0
2,M,Y,Y,100,99,48,1.0
2,M,Y,Y,100,99,49,1.0
2,M,Y,Y,100,99,50,1.0
2,M,Y,Y,100,99,52,1.0
2,M,Y,Y,100,99,52,1.0
2,M,Y,Y,100,99,52,1.0
2,M,Y,Y,100,99,53,1.0
2,M,Y,Y,100,99,53,1.0
2,M,Y,Y,100,99,53,1.0
2,M,Y,Y,100,99,53,1.0
2,M,Y,Y,100,99,54,1.0
2,M,Y,Y,100,99,54,1.0
2,M,Y,Y,100,99,55,1.0
2,M,Y,Y,100,99,55,1.0
2,M,Y,Y,100,99,55,1.0
2,M,Y,Y,100,99,55,1.0
2,M,Y,Y,100,99,55,1.0
2,M,Y,Y,100,99,56,1.0
2,M,Y,Y,100,99,56,1.0
2,M,Y,Y,100,99,56,1.0
2,M,Y,Y,100,99,56,1.0
2,M,Y,Y,100,99,56,1.0
2,M,Y,Y,100,99,57,1.0
2,M,Y,Y,100,99,57,1.0
2,M,Y,Y,100,99,58,1.0
2,M,Y,Y,100,99,58,1.0
2,M,Y,Y,100,99,59,1.0
2,M,Y,Y,100,99,59,1.0
2,M,Y,Y,100,99,59,1.0
2,M,Y,Y,100,99,59,1.0
2,M,Y,Y,100,99,59,1.0
2,M,Y,Y,100,99,60,1.0
2,M,Y,Y,100,99,61,1.0
2,M,Y,Y,100,99,61,1.0
2,M,Y,Y,100,99,63,1.0
2,M,Y,Y,100,99,63,1.0
2,M,Y,Y,100,99,63,1.0
2,M,Y,Y,100,99,64,1.0
2,M,Y,Y,100,99,64,1.0
2,M,Y,Y,100,99,65,1.0
2,M,Y,Y,100,99,66,1.0
2,M,Y,Y,100,99,66,1.0
2,M,Y,Y,100,99,66,1.0
2,M,Y,Y,100,99,66,1.0
2,M,Y,Y,100,99,67,1.0
2,M,Y,Y,100,99,68,1.0
2,M,Y,Y,100,99,68,1.0
2,M,Y,Y,100,99,69,1.0
2,M,Y,Y,100,99,70,1.0
2,M,Y,Y,100,99,74,1.0
2,M,Y,Y,100,99,77,1.0
3,M,Y,Y,100,85,11,1.0
3,M,Y,Y,100,85,11,1.0
3,M,Y,Y,100,85,12,1.0
3,M,Y,Y,100,85,14,1.0
3,M,Y,Y,100,85,27,1.0
3,M,Y,Y,100,85,27,1.0
3,M,Y,Y,100,85,28,1.0
3,M,Y,Y,100,85,29,1.0
3,M,Y,Y,100,85,32,1.0
3,M,Y,Y,100,85,32,1.0
3,M,Y,Y,100,85,35,1.0
3,M,Y,Y,100,85,35,1.0
3,M,Y,Y,100,85,35,1.0
3,M,Y,Y,100,85,35,1.0
3,M,Y,Y,100,85,35,1.0
3,M,Y,Y,100,85,36,1.0
3,M,Y,Y,100,85,36,1.0
3,M,Y,Y,100,85,36,1.0
3,M,Y,Y,100,85,36,1.0
3,M,Y,Y,100,85,36,1.0
3,M,Y,Y,100,85,36,1.0
3,M,Y,Y,100,85,37,1.0
3,M,Y,Y,100,85,37,1.0
3,M,Y,Y,100,85,37,1.0
3,M,Y,Y,100,85,37,1.0
3,M,Y,Y,100,85,37,1.0
3,M,Y,Y,100,85,37,1.0
3,M,Y,Y,100,85,39,1.0
3,M,Y,Y,100,85,39,1.0
3,M,Y,Y,100,85,39,1.0
3,M,Y,Y,100,85,40,1.0
3,M,Y,Y,100,85,40,1.0
3,M,Y,Y,100,85,41,1.0
3,M,Y,Y,100,85,41,1.0
3,M,Y,Y,100,85,41,1.0
3,M,Y,Y,100,85,41,1.0
3,M,Y,Y,100,85,41,1.0
3,M,Y,Y,100,85,41,1.0
3,M,Y,Y,100,85,41,1.0
3,M,Y,Y,100,85,41,1.0
3,M,Y,Y,100,85,43,1.0
3,M,Y,Y,100,85,43,1.0
3,M,Y,Y,100,85,43,1.0
3,M,Y,Y,100,85,43,1.0
3,M,Y,Y,100,85,43,1.0
3,M,Y,Y,100,85,43,1.0
3,M,Y,Y,100,85,43,1.0
3,M,Y,Y,100,85,44,1.0
3,M,Y,Y,100,85,44,1.0
3,M,Y,Y,100,85,45,1.0
3,M,Y,Y,100,85,45,1.0
3,M,Y,Y,100,85,45,1.0
3,M,Y,Y,100,85,45,1.0
3,M,Y,Y,100,85,45,1.0
3,M,Y,Y,100,85,45,1.0
3,M,Y,Y,100,85,46,1.0
3,M,Y,Y,100,85,46,1.0
3,M,Y,Y,100,85,46,1.0
3,M,Y,Y,100,85,48,1.0
3,M,Y,Y,100,85,48,1.0
3,M,Y,Y,100,85,49,1.0
3,M,Y,Y,100,85,51,1.0
3,M,Y,Y,100,85,52,1.0
3,M,Y,Y,100,85,52,1.0
3,M,Y,Y,100,85,53,1.0
3,M,Y,Y,100,85,53,1.0
3,M,Y,Y,100,85,53,1.0
3,M,Y,Y,100,85,53,1.0
3,M,Y,Y,100,85,53,1.0
3,M,Y,Y,100,85,54,1.0
3,M,Y,Y,100,85,54,1.0
3,M,Y,Y,100,85,54,1.0
3,M,Y,Y,100,85,55,1.0
3,M,Y,Y,100,85,57,1.0
3,M,Y,Y,100,85,58,1.0
3,M,Y,Y,100,85,59,1.0
3,M,Y,Y,100,85,59,1.0
3,M,Y,Y,100,85,60,1.0
3,M,Y,Y,100,85,60,1.0
3,M,Y,Y,100,85,64,1.0
3,M,Y,Y,100,85,64,1.0
3,M,Y,Y,100,85,66,1.0
3,M,Y,Y,100,85,71,1.0
3,M,Y,Y,100,85,71,1.0
3,M,Y,Y,100,85,74,1.0
4,M,Y,Y,100,101,4,1.0
4,M,Y,Y,100,101,22,1.0
4,M,Y,Y,100,101,30,1.0
4,M,Y,Y,100,101,30,1.0
4,M,Y,Y,100,101,31,1.0
4,M,Y,Y,100,101,33,1.0
4,M,Y,Y,100,101,33,1.0
4,M,Y,Y,100,101,35,1.0
4,M,Y,Y,100,101,35,1.0
4,M,Y,Y,100,101,36,1.0
4,M,Y,Y,100,101,36,1.0
4,M,Y,Y,100,101,38,1.0
4,M,Y,Y,100,101,38,1.0
4,M,Y,Y,100,101,38,1.0
4,M,Y,Y,100,101,38,1.0
4,M,Y,Y,100,101,38,1.0
4,M,Y,Y,100,101,38,1.0
4,M,Y,Y,100,101,38,1.0
4,M,Y,Y,100,101,39,1.0
4,M,Y,Y,100,101,39,1.0
4,M,Y,Y,100,101,40,1.0
4,M,Y,Y,100,101,40,1.0
4,M,Y,Y,100,101,40,1.0
4,M,Y,Y,100,101,40,1.0
4,M,Y,Y,100,101,40,1.0
4,M,Y,Y,100,101,41,1.0
4,M,Y,Y,100,101,41,1.0
4,M,Y,Y,100,101,41,1.0
4,M,Y,Y,100,101,41,1.0
4,M,Y,Y,100,101,41,1.0
4,M,Y,Y,100,101,41,1.0
4,M,Y,Y,100,101,42,1.0
4,M,Y,Y,100,101,42,1.0
4,M,Y,Y,100,101,43,1.0
4,M,Y,Y,100,101,43,1.0
4,M,Y,Y,100,101,43,1.0
4,M,Y,Y,100,101,43,1.0
4,M,Y,Y,100,101,44,1.0
4,M,Y,Y,100,101,44,1.0
4,M,Y,Y,100,101,44,1.0
4,M,Y,Y,100,101,45,1.0
4,M,Y,Y,100,101,45,1.0
4,M,Y,Y,100,101,45,1.0
4,M,Y,Y,100,101,45,1.0
4,M,Y,Y,100,101,45,1.0
4,M,Y,Y,100,101,45,1.0
4,M,Y,Y,100,101,46,1.0
4,M,Y,Y,100,101,46,1.0
4,M,Y,Y,100,101,46,1.0
4,M,Y,Y,100,101,46,1.0
4,M,Y,Y,100,101,46,1.0
4,M,Y,Y,100,101,47,1.0
4,M,Y,Y,100,101,47,1.0
4,M,Y,Y,100,101,48,1.0
4,M,Y,Y,100,101,49,1.0
4,M,Y,Y,100,101,49,1.0
4,M,Y,Y,100,101,49,1.0
4,M,Y,Y,100,101,50,1.0
4,M,Y,Y,100,101,50,1.0
4,M,Y,Y,100,101,50,1.0
4,M,Y,Y,100,101,50,1.0
4,M,Y,Y,100,101,50,1.0
4,M,Y,Y,100,101,52,1.0
4,M,Y,Y,100,101,52,1.0
4,M,Y,Y,100,101,52,1.0
4,M,Y,Y,100,101,52,1.0
4,M,Y,Y,100,101,52,1.0
4,M,Y,Y,100,101,52,1.0
4,M,Y,Y,100,101,52,1.0
4,M,Y,Y,100,101,53,1.0
4,M,Y,Y,100,101,54,1.0
4,M,Y,Y,100,101,54,1.0
4,M,Y,Y,100,101,54,1.0
4,M,Y,Y,100,101,55,1.0
4,M,Y,Y,100,101,56,1.0
4,M,Y,Y,100,101,56,1.0
4,M,Y,Y,100,101,57,1.0
4,M,Y,Y,100,101,57,1.0
4,M,Y,Y,100,101,57,1.0
4,M,Y,Y,100,101,58,1.0
4,M,Y,Y,100,101,59,1.0
4,M,Y,Y,100,101,59,1.0
4,M,Y,Y,100,101,59,1.0
4,M,Y,Y,100,101,59,1.0
4,M,Y,Y,100,101,59,1.0
4,M,Y,Y,100,101,60,1.0
4,M,Y,Y,100,101,60,1.0
4,M,Y,Y,100,101,65,1.0
4,M,Y,Y,100,101,65,1.0
4,M,Y,Y,100,101,65,1.0
4,M,Y,Y,100,101,65,1.0
4,M,Y,Y,100,101,65,1.0
4,M,Y,Y,100,101,65,1.0
4,M,Y,Y,100,101,65,1.0
4,M,Y,Y,100,101,65,1.0
4,M,Y,Y,100,101,65,1.0
4,M,Y,Y,100,101,70,1.0
4,M,Y,Y,100,101,70,1.0
4,M,Y,Y,100,101,82,1.0
4,M,Y,Y,100,101,87,1.0
4,M,Y,Y,100,101,108,1.0
1,F,N,N,50,47,4,1.0
1,F,N,N,50,47,6,1.0
1,F,N,N,50,47,21,1.0
1,F,N,N,50,47,23,1.0
1,F,N,N,50,47,31,1.0
1,F,N,N,50,47,31,1.0
1,F,N,N,50,47,31,1.0
1,F,N,N,50,47,32,1.0
1,F,N,N,50,47,32,1.0
1,F,N,N,50,47,33,1.0
1,F,N,N,50,47,33,1.0
1,F,N,N,50,47,33,1.0
1,F,N,N,50,47,33,1.0
1,F,N,N,50,47,34,1.0
1,F,N,N,50,47,35,1.0
1,F,N,N,50,47,35,1.0
1,F,N,N,50,47,35,1.0
1,F,N,N,50,47,35,1.0
1,F,N,N,50,47,35,1.0
1,F,N,N,50,47,36,1.0
1,F,N,N,50,47,36,1.0
1,F,N,N,50,47,36,1.0
1,F,N,N,50,47,37,1.0
1,F,N,N,50,47,37,1.0
1,F,N,N,50,47,38,1.0
1,F,N,N,50,47,38,1.0
1,F,N,N,50,47,38,1.0
1,F,N,N,50,47,39,1.0
1,F,N,N,50,47,39,1.0
1,F,N,N,50,47,39,1.0
1,F,N,N,50,47,40,1.0
1,F,N,N,50,47,40,1.0
1,F,N,N,50,47,40,1.0
1,F,N,N,50,47,41,1.0
1,F,N,N,50,47,41,1.0
1,F,N,N,50,47,41,1.0
1,F,N,N,50,47,41,1.0
1,F,N,N,50,47,41,1.0
1,F,N,N,50,47,43,1.0
1,F,N,N,50,47,44,1.0
1,F,N,N,50,47,45,1.0
1,F,N,N,50,47,45,1.0
1,F,N,N,50,47,46,1.0
1,F,N,N,50,47,49,1.0
1,F,N,N,50,47,50,1.0
1,F,N,N,50,47,63,1.0
1,F,N,N,50,47,65,1.0
1,M,N,N,50,59,9,1.0
1,M,N,N,50,59,12,1.0
1,M,N,N,50,59,22,1.0
1,M,N,N,50,59,27,1.0
1,M,N,N,50,59,30,1.0
1,M,N,N,50,59,30,1.0
1,M,N,N,50,59,30,1.0
1,M,N,N,50,59,31,1.0
1,M,N,N,50,59,31,1.0
1,M,N,N,50,59,31,1.0
1,M,N,N,50,59,32,1.0
1,M,N,N,50,59,32,1.0
1,M,N,N,50,59,33,1.0
1,M,N,N,50,59,33,1.0
1,M,N,N,50,59,33,1.0
1,M,N,N,50,59,33,1.0
1,M,N,N,50,59,34,1.0
1,M,N,N,50,59,34,1.0
1,M,N,N,50,59,34,1.0
1,M,N,N,50,59,34,1.0
1,M,N,N,50,59,34,1.0
1,M,N,N,50,59,34,1.0
1,M,N,N,50,59,35,1.0
1,M,N,N,50,59,36,1.0
1,M,N,N,50,59,36,1.0
1,M,N,N,50,59,36,1.0
1,M,N,N,50,59,36,1.0
1,M,N,N,50,59,37,1.0
1,M,N,N,50,59,38,1.0
1,M,N,N,50,59,39,1.0
1,M,N,N,50,59,39,1.0
1,M,N,N,50,59,40,1.0
1,M,N,N,50,59,40,1.0
1,M,N,N,50,59,40,1.0
1,M,N,N,50,59,40,1.0
1,M,N,N,50,59,41,1.0
1,M,N,N,50,59,41,1.0
1,M,N,N,50,59,41,1.0
1,M,N,N,50,59,41,1.0
1,M,N,N,50,59,42,1.0
1,M,N,N,50,59,42,1.0
1,M,N,N,50,59,42,1.0
1,M,N,N,50,59,42,1.0
1,M,N,N,50,59,42,1.0
1,M,N,N,50,59,45,1.0
1,M,N,N,50,59,45,1.0
1,M,N,N,50,59,45,1.0
1,M,N,N,50,59,46,1.0
1,M,N,N,50,59,46,1.0
1,M,N,N,50,59,46,1.0
1,M,N,N,50,59,46,1.0
1,M,N,N,50,59,46,1.0
1,M,N,N,50,59,47,1.0
1,M,N,N,50,59,47,1.0
1,M,N,N,50,59,47,1.0
1,M,N,N,50,59,48,1.0
1,M,N,N,50,59,48,1.0
1,M,N,N,50,59,57,1.0
1,M,N,N,50,59,63,1.0
2,F,N,N,50,41,29,1.0
2,F,N,N,50,41,31,1.0
2,F,N,N,50,41,32,1.0
2,F,N,N,50,41,35,1.0
2,F,N,N,50,41,35,1.0
2,F,N,N,50,41,36,1.0
2,F,N,N,50,41,36,1.0
2,F,N,N,50,41,36,1.0
2,F,N,N,50,41,37,1.0
2,F,N,N,50,41,37,1.0
2,F,N,N,50,41,37,1.0
2,F,N,N,50,41,37,1.0
2,F,N,N,50,41,38,1.0
2,F,N,N,50,41,39,1.0
2,F,N,N,50,41,39,1.0
2,F,N,N,50,41,40,1.0
2,F,N,N,50,41,40,1.0
2,F,N,N,50,41,40,1.0
2,F,N,N,50,41,40,1.0
2,F,N,N,50,41,41,1.0
2,F,N,N,50,41,41,1.0
2,F,N,N,50,41,42,1.0
2,F,N,N,50,41,42,1.0
2,F,N,N,50,41,42,1.0
2,F,N,N,50,41,42,1.0
2,F,N,N,50,41,42,1.0
2,F,N,N,50,41,44,1.0
2,F,N,N,50,41,45,1.0
2,F,N,N,50,41,45,1.0
2,F,N,N,50,41,45,1.0
2,F,N,N,50,41,45,1.0
2,F,N,N,50,41,46,1.0
2,F,N,N,50,41,46,1.0
2,F,N,N,50,41,46,1.0
2,F,N,N,50,41,47,1.0
2,F,N,N,50,41,48,1.0
2,F,N,N,50,41,49,1.0
2,F,N,N,50,41,51,1.0
2,F,N,N,50,41,54,1.0
2,F,N,N,50,41,54,1.0
2,F,N,N,50,41,59,1.0
2,M,N,N,50,42,18,1.0
2,M,N,N,50,42,29,1.0
2,M,N,N,50,42,31,1.0
2,M,N,N,50,42,32,1.0
2,M,N,N,50,42,32,1.0
2,M,N,N,50,42,33,1.0
2,M,N,N,50,42,33,1.0
2,M,N,N,50,42,33,1.0
2,M,N,N,50,42,33,1.0
2,M,N,N,50,42,34,1.0
2,M,N,N,50,42,35,1.0
2,M,N,N,50,42,35,1.0
2,M,N,N,50,42,35,1.0
2,M,N,N,50,42,35,1.0
2,M,N,N,50,42,36,1.0
2,M,N,N,50,42,36,1.0
2,M,N,N,50,42,36,1.0
2,M,N,N,50,42,36,1.0
2,M,N,N,50,42,36,1.0
2,M,N,N,50,42,37,1.0
2,M,N,N,50,42,38,1.0
2,M,N,N,50,42,38,1.0
2,M,N,N,50,42,38,1.0
2,M,N,N,50,42,38,1.0
2,M,N,N,50,42,38,1.0
2,M,N,N,50,42,38,1.0
2,M,N,N,50,42,38,1.0
2,M,N,N,50,42,39,1.0
2,M,N,N,50,42,40,1.0
2,M,N,N,50,42,41,1.0
2,M,N,N,50,42,42,1.0
2,M,N,N,50,42,42,1.0
2,M,N,N,50,42,42,1.0
2,M,N,N,50,42,43,1.0
2,M,N,N,50,42,44,1.0
2,M,N,N,50,42,44,1.0
2,M,N,N,50,42,44,1.0
2,M,N,N,50,42,46,1.0
2,M,N,N,50,42,48,1.0
2,M,N,N,50,42,48,1.0
2,M,N,N,50,42,56,1.0
2,M,N,N,50,42,57,1.0
3,F,N,N,50,48,5,1.0
3,F,N,N,50,48,6,1.0
3,F,N,N,50,48,8,1.0
3,F,N,N,50,48,19,1.0
3,F,N,N,50,48,21,1.0
3,F,N,N,50,48,26,1.0
3,F,N,N,50,48,26,1.0
3,F,N,N,50,48,30,1.0
3,F,N,N,50,48,31,1.0
3,F,N,N,50,48,33,1.0
3,F,N,N,50,48,33,1.0
3,F,N,N,50,48,35,1.0
3,F,N,N,50,48,35,1.0
3,F,N,N,50,48,35,1.0
3,F,N,N,50,48,36,1.0
3,F,N,N,50,48,36,1.0
3,F,N,N,50,48,37,1.0
3,F,N,N,50,48,37,1.0
3,F,N,N,50,48,37,1.0
3,F,N,N,50,48,37,1.0
3,F,N,N,50,48,38,1.0
3,F,N,N,50,48,39,1.0
3,F,N,N,50,48,39,1.0
3,F,N,N,50,48,40,1.0
3,F,N,N,50,48,41,1.0
3,F,N,N,50,48,41,1.0
3,F,N,N,50,48,42,1.0
3,F,N,N,50,48,42,1.0
3,F,N,N,50,48,42,1.0
3,F,N,N,50,48,42,1.0
3,F,N,N,50,48,43,1.0
3,F,N,N,50,48,43,1.0
3,F,N,N,50,48,43,1.0
3,F,N,N,50,48,43,1.0
3,F,N,N,50,48,43,1.0
3,F,N,N,50,48,43,1.0
3,F,N,N,50,48,44,1.0
3,F,N,N,50,48,44,1.0
3,F,N,N,50,48,44,1.0
3,F,N,N,50,48,44,1.0
3,F,N,N,50,48,44,1.0
3,F,N,N,50,48,44,1.0
3,F,N,N,50,48,45,1.0
3,F,N,N,50,48,46,1.0
3,F,N,N,50,48,46,1.0
3,F,N,N,50,48,46,1.0
3,F,N,N,50,48,46,1.0
3,F,N,N,50,48,58,1.0
3,M,N,N,50,50,4,1.0
3,M,N,N,50,50,11,1.0
3,M,N,N,50,50,27,1.0
3,M,N,N,50,50,27,1.0
3,M,N,N,50,50,30,1.0
3,M,N,N,50,50,31,1.0
3,M,N,N,50,50,31,1.0
3,M,N,N,50,50,31,1.0
3,M,N,N,50,50,31,1.0
3,M,N,N,50,50,33,1.0
3,M,N,N,50,50,35,1.0
3,M,N,N,50,50,35,1.0
3,M,N,N,50,50,35,1.0
3,M,N,N,50,50,36,1.0
3,M,N,N,50,50,36,1.0
3,M,N,N,50,50,37,1.0
3,M,N,N,50,50,37,1.0
3,M,N,N,50,50,38,1.0
3,M,N,N,50,50,38,1.0
3,M,N,N,50,50,39,1.0
3,M,N,N,50,50,39,1.0
3,M,N,N,50,50,39,1.0
3,M,N,N,50,50,39,1.0
3,M,N,N,50,50,39,1.0
3,M,N,N,50,50,39,1.0
3,M,N,N,50,50,40,1.0
3,M,N,N,50,50,40,1.0
3,M,N,N,50,50,40,1.0
3,M,N,N,50,50,41,1.0
3,M,N,N,50,50,41,1.0
3,M,N,N,50,50,42,1.0
3,M,N,N,50,50,42,1.0
3,M,N,N,50,50,43,1.0
3,M,N,N,50,50,43,1.0
3,M,N,N,50,50,43,1.0
3,M,N,N,50,50,44,1.0
3,M,N,N,50,50,44,1.0
3,M,N,N,50,50,44,1.0
3,M,N,N,50,50,44,1.0
3,M,N,N,50,50,45,1.0
3,M,N,N,50,50,45,1.0
3,M,N,N,50,50,45,1.0
3,M,N,N,50,50,46,1.0
3,M,N,N,50,50,47,1.0
3,M,N,N,50,50,50,1.0
3,M,N,N,50,50,51,1.0
3,M,N,N,50,50,52,1.0
3,M,N,N,50,50,52,1.0
3,M,N,N,50,50,55,1.0
3,M,N,N,50,50,102,1.0
4,F,N,N,50,42,8,1.0
4,F,N,N,50,42,30,1.0
4,F,N,N,50,42,31,1.0
4,F,N,N,50,42,31,1.0
4,F,N,N,50,42,31,1.0
4,F,N,N,50,42,31,1.0
4,F,N,N,50,42,32,1.0
4,F,N,N,50,42,32,1.0
4,F,N,N,50,42,32,1.0
4,F,N,N,50,42,32,1.0
4,F,N,N,50,42,32,1.0
4,F,N,N,50,42,33,1.0
4,F,N,N,50,42,34,1.0
4,F,N,N,50,42,34,1.0
4,F,N,N,50,42,35,1.0
4,F,N,N,50,42,35,1.0
4,F,N,N,50,42,36,1.0
4,F,N,N,50,42,36,1.0
4,F,N,N,50,42,36,1.0
4,F,N,N,50,42,36,1.0
4,F,N,N,50,42,36,1.0
4,F,N,N,50,42,36,1.0
4,F,N,N,50,42,36,1.0
4,F,N,N,50,42,37,1.0
4,F,N,N,50,42,37,1.0
4,F,N,N,50,42,38,1.0
4,F,N,N,50,42,39,1.0
4,F,N,N,50,42,39,1.0
4,F,N,N,50,42,39,1.0
4,F,N,N,50,42,40,1.0
4,F,N,N,50,42,40,1.0
4,F,N,N,50,42,40,1.0
4,F,N,N,50,42,41,1.0
4,F,N,N,50,42,41,1.0
4,F,N,N,50,42,41,1.0
4,F,N,N,50,42,41,1.0
4,F,N,N,50,42,42,1.0
4,F,N,N,50,42,42,1.0
4,F,N,N,50,42,43,1.0
4,F,N,N,50,42,43,1.0
4,F,N,N,50,42,45,1.0
4,F,N,N,50,42,46,1.0
4,M,N,N,50,52,4,1.0
4,M,N,N,50,52,5,1.0
4,M,N,N,50,52,9,1.0
4,M,N,N,50,52,20,1.0
4,M,N,N,50,52,27,1.0
4,M,N,N,50,52,29,1.0
4,M,N,N,50,52,29,1.0
4,M,N,N,50,52,31,1.0
4,M,N,N,50,52,31,1.0
4,M,N,N,50,52,32,1.0
4,M,N,N,50,52,32,1.0
4,M,N,N,50,52,32,1.0
4,M,N,N,50,52,32,1.0
4,M,N,N,50,52,33,1.0
4,M,N,N,50,52,33,1.0
4,M,N,N,50,52,34,1.0
4,M,N,N,50,52,34,1.0
4,M,N,N,50,52,35,1.0
4,M,N,N,50,52,35,1.0
4,M,N,N,50,52,35,1.0
4,M,N,N,50,52,35,1.0
4,M,N,N,50,52,36,1.0
4,M,N,N,50,52,36,1.0
4,M,N,N,50,52,36,1.0
4,M,N,N,50,52,36,1.0
4,M,N,N,50,52,36,1.0
4,M,N,N,50,52,36,1.0
4,M,N,N,50,52,36,1.0
4,M,N,N,50,52,37,1.0
4,M,N,N,50,52,37,1.0
4,M,N,N,50,52,37,1.0
4,M,N,N,50,52,37,1.0
4,M,N,N,50,52,37,1.0
4,M,N,N,50,52,37,1.0
4,M,N,N,50,52,37,1.0
4,M,N,N,50,52,38,1.0
4,M,N,N,50,52,38,1.0
4,M,N,N,50,52,39,1.0
4,M,N,N,50,52,41,1.0
4,M,N,N,50,52,41,1.0
4,M,N,N,50,52,42,1.0
4,M,N,N,50,52,42,1.0
4,M,N,N,50,52,42,1.0
4,M,N,N,50,52,42,1.0
4,M,N,N,50,52,42,1.0
4,M,N,N,50,52,43,1.0
4,M,N,N,50,52,43,1.0
4,M,N,N,50,52,43,1.0
4,M,N,N,50,52,43,1.0
4,M,N,N,50,52,48,1.0
4,M,N,N,50,52,48,1.0
4,M,N,N,50,52,59,1.0
1,F,N,N,50,47,18,1.0
1,F,N,N,50,47,22,1.0
1,F,N,N,50,47,27,1.0
1,F,N,N,50,47,27,1.0
1,F,N,N,50,47,33,1.0
1,F,N,N,50,47,34,1.0
1,F,N,N,50,47,34,1.0
1,F,N,N,50,47,34,1.0
1,F,N,N,50,47,35,1.0
1,F,N,N,50,47,36,1.0
1,F,N,N,50,47,36,1.0
1,F,N,N,50,47,36,1.0
1,F,N,N,50,47,36,1.0
1,F,N,N,50,47,36,1.0
1,F,N,N,50,47,36,1.0
1,F,N,N,50,47,37,1.0
1,F,N,N,50,47,38,1.0
1,F,N,N,50,47,38,1.0
1,F,N,N,50,47,38,1.0
1,F,N,N,50,47,38,1.0
1,F,N,N,50,47,39,1.0
1,F,N,N,50,47,40,1.0
1,F,N,N,50,47,40,1.0
1,F,N,N,50,47,40,1.0
1,F,N,N,50,47,41,1.0
1,F,N,N,50,47,41,1.0
1,F,N,N,50,47,41,1.0
1,F,N,N,50,47,41,1.0
1,F,N,N,50,47,41,1.0
1,F,N,N,50,47,42,1.0
1,F,N,N,50,47,42,1.0
1,F,N,N,50,47,43,1.0
1,F,N,N,50,47,43,1.0
1,F,N,N,50,47,43,1.0
1,F,N,N,50,47,44,1.0
1,F,N,N,50,47,44,1.0
1,F,N,N,50,47,44,1.0
1,F,N,N,50,47,44,1.0
1,F,N,N,50,47,44,1.0
1,F,N,N,50,47,44,1.0
1,F,N,N,50,47,44,1.0
1,F,N,N,50,47,45,1.0
1,F,N,N,50,47,46,1.0
1,F,N,N,50,47,46,1.0
1,F,N,N,50,47,46,1.0
1,F,N,N,50,47,52,1.0
1,F,N,N,50,47,63,1.0
1,M,N,N,50,47,8,1.0
1,M,N,N,50,47,9,1.0
1,M,N,N,50,47,19,1.0
1,M,N,N,50,47,21,1.0
1,M,N,N,50,47,28,1.0
1,M,N,N,50,47,28,1.0
1,M,N,N,50,47,30,1.0
1,M,N,N,50,47,31,1.0
1,M,N,N,50,47,31,1.0
1,M,N,N,50,47,31,1.0
1,M,N,N,50,47,31,1.0
1,M,N,N,50,47,32,1.0
1,M,N,N,50,47,32,1.0
1,M,N,N,50,47,33,1.0
1,M,N,N,50,47,33,1.0
1,M,N,N,50,47,33,1.0
1,M,N,N,50,47,33,1.0
1,M,N,N,50,47,33,1.0
1,M,N,N,50,47,33,1.0
1,M,N,N,50,47,35,1.0
1,M,N,N,50,47,35,1.0
1,M,N,N,50,47,35,1.0
1,M,N,N,50,47,35,1.0
1,M,N,N,50,47,36,1.0
1,M,N,N,50,47,36,1.0
1,M,N,N,50,47,37,1.0
1,M,N,N,50,47,37,1.0
1,M,N,N,50,47,38,1.0
1,M,N,N,50,47,38,1.0
1,M,N,N,50,47,38,1.0
1,M,N,N,50,47,38,1.0
1,M,N,N,50,47,39,1.0
1,M,N,N,50,47,39,1.0
1,M,N,N,50,47,39,1.0
1,M,N,N,50,47,40,1.0
1,M,N,N,50,47,40,1.0
1,M,N,N,50,47,40,1.0
1,M,N,N,50,47,41,1.0
1,M,N,N,50,47,41,1.0
1,M,N,N,50,47,41,1.0
1,M,N,N,50,47,43,1.0
1,M,N,N,50,47,43,1.0
1,M,N,N,50,47,45,1.0
1,M,N,N,50,47,45,1.0
1,M,N,N,50,47,48,1.0
1,M,N,N,50,47,51,1.0
1,M,N,N,50,47,57,1.0
2,F,N,N,50,17,15,1.0
2,F,N,N,50,17,20,1.0
2,F,N,N,50,17,27,1.0
2,F,N,N,50,17,28,1.0
2,F,N,N,50,17,28,1.0
2,F,N,N,50,17,29,1.0
2,F,N,N,50,17,29,1.0
2,F,N,N,50,17,31,1.0
2,F,N,N,50,17,31,1.0
2,F,N,N,50,17,31,1.0
2,F,N,N,50,17,34,1.0
2,F,N,N,50,17,36,1.0
2,F,N,N,50,17,36,1.0
2,F,N,N,50,17,36,1.0
2,F,N,N,50,17,37,1.0
2,F,N,N,50,17,41,1.0
2,F,N,N,50,17,49,1.0
2,M,N,N,50,53,10,1.0
2,M,N,N,50,53,27,1.0
2,M,N,N,50,53,28,1.0
2,M,N,N,50,53,29,1.0
2,M,N,N,50,53,29,1.0
2,M,N,N,50,53,31,1.0
2,M,N,N,50,53,31,1.0
2,M,N,N,50,53,33,1.0
2,M,N,N,50,53,33,1.0
2,M,N,N,50,53,33,1.0
2,M,N,N,50,53,33,1.0
2,M,N,N,50,53,33,1.0
2,M,N,N,50,53,34,1.0
2,M,N,N,50,53,34,1.0
2,M,N,N,50,53,34,1.0
2,M,N,N,50,53,35,1.0
2,M,N,N,50,53,35,1.0
2,M,N,N,50,53,35,1.0
2,M,N,N,50,53,35,1.0
2,M,N,N,50,53,35,1.0
2,M,N,N,50,53,36,1.0
2,M,N,N,50,53,36,1.0
2,M,N,N,50,53,36,1.0
2,M,N,N,50,53,36,1.0
2,M,N,N,50,53,36,1.0
2,M,N,N,50,53,37,1.0
2,M,N,N,50,53,38,1.0
2,M,N,N,50,53,38,1.0
2,M,N,N,50,53,38,1.0
2,M,N,N,50,53,38,1.0
2,M,N,N,50,53,39,1.0
2,M,N,N,50,53,40,1.0
2,M,N,N,50,53,40,1.0
2,M,N,N,50,53,40,1.0
2,M,N,N,50,53,41,1.0
2,M,N,N,50,53,41,1.0
2,M,N,N,50,53,41,1.0
2,M,N,N,50,53,42,1.0
2,M,N,N,50,53,42,1.0
2,M,N,N,50,53,42,1.0
2,M,N,N,50,53,42,1.0
2,M,N,N,50,53,42,1.0
2,M,N,N,50,53,43,1.0
2,M,N,N,50,53,44,1.0
2,M,N,N,50,53,44,1.0
2,M,N,N,50,53,44,1.0
2,M,N,N,50,53,45,1.0
2,M,N,N,50,53,46,1.0
2,M,N,N,50,53,46,1.0
2,M,N,N,50,53,46,1.0
2,M,N,N,50,53,47,1.0
2,M,N,N,50,53,48,1.0
2,M,N,N,50,53,55,1.0
3,F,N,N,50,43,30,1.0
3,F,N,N,50,43,30,1.0
3,F,N,N,50,43,32,1.0
3,F,N,N,50,43,32,1.0
3,F,N,N,50,43,32,1.0
3,F,N,N,50,43,35,1.0
3,F,N,N,50,43,36,1.0
3,F,N,N,50,43,36,1.0
3,F,N,N,50,43,38,1.0
3,F,N,N,50,43,38,1.0
3,F,N,N,50,43,39,1.0
3,F,N,N,50,43,40,1.0
3,F,N,N,50,43,40,1.0
3,F,N,N,50,43,41,1.0
3,F,N,N,50,43,41,1.0
3,F,N,N,50,43,41,1.0
3,F,N,N,50,43,41,1.0
3,F,N,N,50,43,42,1.0
3,F,N,N,50,43,42,1.0
3,F,N,N,50,43,43,1.0
3,F,N,N,50,43,43,1.0
3,F,N,N,50,43,43,1.0
3,F,N,N,50,43,43,1.0
3,F,N,N,50,43,44,1.0
3,F,N,N,50,43,44,1.0
3,F,N,N,50,43,45,1.0
3,F,N,N,50,43,45,1.0
3,F,N,N,50,43,45,1.0
3,F,N,N,50,43,45,1.0
3,F,N,N,50,43,46,1.0
3,F,N,N,50,43,46,1.0
3,F,N,N,50,43,47,1.0
3,F,N,N,50,43,47,1.0
3,F,N,N,50,43,48,1.0
3,F,N,N,50,43,48,1.0
3,F,N,N,50,43,49,1.0
3,F,N,N,50,43,50,1.0
3,F,N,N,50,43,50,1.0
3,F,N,N,50,43,51,1.0
3,F,N,N,50,43,52,1.0
3,F,N,N,50,43,54,1.0
3,F,N,N,50,43,60,1.0
3,F,N,N,50,43,68,1.0
3,M,N,N,50,43,3,1.0
3,M,N,N,50,43,26,1.0
3,M,N,N,50,43,30,1.0
3,M,N,N,50,43,31,1.0
3,M,N,N,50,43,32,1.0
3,M,N,N,50,43,32,1.0
3,M,N,N,50,43,33,1.0
3,M,N,N,50,43,34,1.0
3,M,N,N,50,43,35,1.0
3,M,N,N,50,43,35,1.0
3,M,N,N,50,43,35,1.0
3,M,N,N,50,43,36,1.0
3,M,N,N,50,43,36,1.0
3,M,N,N,50,43,37,1.0
3,M,N,N,50,43,37,1.0
3,M,N,N,50,43,37,1.0
3,M,N,N,50,43,38,1.0
3,M,N,N,50,43,38,1.0
3,M,N,N,50,43,39,1.0
3,M,N,N,50,43,39,1.0
3,M,N,N,50,43,40,1.0
3,M,N,N,50,43,41,1.0
3,M,N,N,50,43,42,1.0
3,M,N,N,50,43,42,1.0
3,M,N,N,50,43,43,1.0
3,M,N,N,50,43,43,1.0
3,M,N,N,50,43,44,1.0
3,M,N,N,50,43,44,1.0
3,M,N,N,50,43,44,1.0
3,M,N,N,50,43,44,1.0
3,M,N,N,50,43,44,1.0
3,M,N,N,50,43,46,1.0
3,M,N,N,50,43,46,1.0
3,M,N,N,50,43,47,1.0
3,M,N,N,50,43,47,1.0
3,M,N,N,50,43,47,1.0
3,M,N,N,50,43,47,1.0
3,M,N,N,50,43,49,1.0
3,M,N,N,50,43,50,1.0
3,M,N,N,50,43,51,1.0
3,M,N,N,50,43,54,1.0
3,M,N,N,50,43,58,1.0
3,M,N,N,50,43,61,1.0
4,F,N,N,50,44,9,1.0
4,F,N,N,50,44,14,1.0
4,F,N,N,50,44,26,1.0
4,F,N,N,50,44,32,1.0
4,F,N,N,50,44,32,1.0
4,F,N,N,50,44,33,1.0
4,F,N,N,50,44,33,1.0
4,F,N,N,50,44,33,1.0
4,F,N,N,50,44,33,1.0
4,F,N,N,50,44,33,1.0
4,F,N,N,50,44,33,1.0
4,F,N,N,50,44,33,1.0
4,F,N,N,50,44,33,1.0
4,F,N,N,50,44,34,1.0
4,F,N,N,50,44,34,1.0
4,F,N,N,50,44,35,1.0
4,F,N,N,50,44,35,1.0
4,F,N,N,50,44,35,1.0
4,F,N,N,50,44,35,1.0
4,F,N,N,50,44,36,1.0
4,F,N,N,50,44,36,1.0
4,F,N,N,50,44,36,1.0
4,F,N,N,50,44,36,1.0
4,F,N,N,50,44,36,1.0
4,F,N,N,50,44,37,1.0
4,F,N,N,50,44,38,1.0
4,F,N,N,50,44,38,1.0
4,F,N,N,50,44,39,1.0
4,F,N,N,50,44,39,1.0
4,F,N,N,50,44,39,1.0
4,F,N,N,50,44,40,1.0
4,F,N,N,50,44,40,1.0
4,F,N,N,50,44,41,1.0
4,F,N,N,50,44,41,1.0
4,F,N,N,50,44,41,1.0
4,F,N,N,50,44,41,1.0
4,F,N,N,50,44,42,1.0
4,F,N,N,50,44,42,1.0
4,F,N,N,50,44,43,1.0
4,F,N,N,50,44,43,1.0
4,F,N,N,50,44,45,1.0
4,F,N,N,50,44,45,1.0
4,F,N,N,50,44,47,1.0
4,F,N,N,50,44,54,1.0
4,M,N,N,50,35,18,1.0
4,M,N,N,50,35,26,1.0
4,M,N,N,50,35,27,1.0
4,M,N,N,50,35,28,1.0
4,M,N,N,50,35,28,1.0
4,M,N,N,50,35,30,1.0
4,M,N,N,50,35,31,1.0
4,M,N,N,50,35,32,1.0
4,M,N,N,50,35,32,1.0
4,M,N,N,50,35,32,1.0
4,M,N,N,50,35,32,1.0
4,M,N,N,50,35,32,1.0
4,M,N,N,50,35,32,1.0
4,M,N,N,50,35,32,1.0
4,M,N,N,50,35,33,1.0
4,M,N,N,50,35,33,1.0
4,M,N,N,50,35,35,1.0
4,M,N,N,50,35,35,1.0
4,M,N,N,50,35,35,1.0
4,M,N,N,50,35,35,1.0
4,M,N,N,50,35,36,1.0
4,M,N,N,50,35,36,1.0
4,M,N,N,50,35,36,1.0
4,M,N,N,50,35,37,1.0
4,M,N,N,50,35,37,1.0
4,M,N,N,50,35,37,1.0
4,M,N,N,50,35,37,1.0
4,M,N,N,50,35,38,1.0
4,M,N,N,50,35,38,1.0
4,M,N,N,50,35,38,1.0
4,M,N,N,50,35,38,1.0
4,M,N,N,50,35,39,1.0
4,M,N,N,50,35,39,1.0
4,M,N,N,50,35,40,1.0
4,M,N,N,50,35,41,1.0
1,F,N,Y,50,48,3,1.0
1,F,N,Y,50,48,5,1.0
1,F,N,Y,50,48,21,1.0
1,F,N,Y,50,48,21,1.0
1,F,N,Y,50,48,22,1.0
1,F,N,Y,50,48,23,1.0
1,F,N,Y,50,48,25,1.0
1,F,N,Y,50,48,26,1.0
1,F,N,Y,50,48,28,1.0
1,F,N,Y,50,48,29,1.0
1,F,N,Y,50,48,31,1.0
1,F,N,Y,50,48,31,1.0
1,F,N,Y,50,48,31,1.0
1,F,N,Y,50,48,34,1.0
1,F,N,Y,50,48,34,1.0
1,F,N,Y,50,48,34,1.0
1,F,N,Y,50,48,34,1.0
1,F,N,Y,50,48,36,1.0
1,F,N,Y,50,48,36,1.0
1,F,N,Y,50,48,37,1.0
1,F,N,Y,50,48,38,1.0
1,F,N,Y,50,48,38,1.0
1,F,N,Y,50,48,38,1.0
1,F,N,Y,50,48,38,1.0
1,F,N,Y,50,48,39,1.0
1,F,N,Y,50,48,39,1.0
1,F,N,Y,50,48,39,1.0
1,F,N,Y,50,48,39,1.0
1,F,N,Y,50,48,42,1.0
1,F,N,Y,50,48,43,1.0
1,F,N,Y,50,48,43,1.0
1,F,N,Y,50,48,43,1.0
1,F,N,Y,50,48,44,1.0
1,F,N,Y,50,48,45,1.0
1,F,N,Y,50,48,45,1.0
1,F,N,Y,50,48,45,1.0
1,F,N,Y,50,48,45,1.0
1,F,N,Y,50,48,45,1.0
1,F,N,Y,50,48,46,1.0
1,F,N,Y,50,48,46,1.0
1,F,N,Y,50,48,46,1.0
1,F,N,Y,50,48,46,1.0
1,F,N,Y,50,48,46,1.0
1,F,N,Y,50,48,46,1.0
1,F,N,Y,50,48,46,1.0
1,F,N,Y,50,48,46,1.0
1,F,N,Y,50,48,52,1.0
1,F,N,Y,50,48,110,1.0
1,M,N,Y,50,52,25,1.0
1,M,N,Y,50,52,25,1.0
1,M,N,Y,50,52,27,1.0
1,M,N,Y,50,52,29,1.0
1,M,N,Y,50,52,30,1.0
1,M,N,Y,50,52,30,1.0
1,M,N,Y,50,52,31,1.0
1,M,N,Y,50,52,31,1.0
1,M,N,Y,50,52,32,1.0
1,M,N,Y,50,52,32,1.0
1,M,N,Y,50,52,32,1.0
1,M,N,Y,50,52,32,1.0
1,M,N,Y,50,52,33,1.0
1,M,N,Y,50,52,33,1.0
1,M,N,Y,50,52,33,1.0
1,M,N,Y,50,52,34,1.0
1,M,N,Y,50,52,34,1.0
1,M,N,Y,50,52,34,1.0
1,M,N,Y,50,52,34,1.0
1,M,N,Y,50,52,35,1.0
1,M,N,Y,50,52,36,1.0
1,M,N,Y,50,52,36,1.0
1,M,N,Y,50,52,36,1.0
1,M,N,Y,50,52,36,1.0
1,M,N,Y,50,52,36,1.0
1,M,N,Y,50,52,37,1.0
1,M,N,Y,50,52,37,1.0
1,M,N,Y,50,52,37,1.0
1,M,N,Y,50,52,37,1.0
1,M,N,Y,50,52,38,1.0
1,M,N,Y,50,52,39,1.0
1,M,N,Y,50,52,39,1.0
1,M,N,Y,50,52,39,1.0
1,M,N,Y,50,52,39,1.0
1,M,N,Y,50,52,40,1.0
1,M,N,Y,50,52,40,1.0
1,M,N,Y,50,52,41,1.0
1,M,N,Y,50,52,42,1.0
1,M,N,Y,50,52,43,1.0
1,M,N,Y,50,52,43,1.0
1,M,N,Y,50,52,44,1.0
1,M,N,Y,50,52,46,1.0
1,M,N,Y,50,52,46,1.0
1,M,N,Y,50,52,46,1.0
1,M,N,Y,50,52,46,1.0
1,M,N,Y,50,52,46,1.0
1,M,N,Y,50,52,46,1.0
1,M,N,Y,50,52,53,1.0
1,M,N,Y,50,52,54,1.0
1,M,N,Y,50,52,87,1.0
1,M,N,Y,50,52,92,1.0
1,M,N,Y,50,52,111,1.0
2,F,N,Y,50,48,19,1.0
2,F,N,Y,50,48,24,1.0
2,F,N,Y,50,48,24,1.0
2,F,N,Y,50,48,24,1.0
2,F,N,Y,50,48,25,1.0
2,F,N,Y,50,48,30,1.0
2,F,N,Y,50,48,31,1.0
2,F,N,Y,50,48,31,1.0
2,F,N,Y,50,48,32,1.0
2,F,N,Y,50,48,32,1.0
2,F,N,Y,50,48,33,1.0
2,F,N,Y,50,48,34,1.0
2,F,N,Y,50,48,34,1.0
2,F,N,Y,50,48,34,1.0
2,F,N,Y,50,48,34,1.0
2,F,N,Y,50,48,35,1.0
2,F,N,Y,50,48,35,1.0
2,F,N,Y,50,48,35,1.0
2,F,N,Y,50,48,35,1.0
2,F,N,Y,50,48,35,1.0
2,F,N,Y,50,48,35,1.0
2,F,N,Y,50,48,36,1.0
2,F,N,Y,50,48,36,1.0
2,F,N,Y,50,48,36,1.0
2,F,N,Y,50,48,37,1.0
2,F,N,Y,50,48,37,1.0
2,F,N,Y,50,48,38,1.0
2,F,N,Y,50,48,39,1.0
2,F,N,Y,50,48,39,1.0
2,F,N,Y,50,48,39,1.0
2,F,N,Y,50,48,39,1.0
2,F,N,Y,50,48,40,1.0
2,F,N,Y,50,48,40,1.0
2,F,N,Y,50,48,41,1.0
2,F,N,Y,50,48,41,1.0
2,F,N,Y,50,48,41,1.0
2,F,N,Y,50,48,41,1.0
2,F,N,Y,50,48,42,1.0
2,F,N,Y,50,48,42,1.0
2,F,N,Y,50,48,42,1.0
2,F,N,Y,50,48,42,1.0
2,F,N,Y,50,48,42,1.0
2,F,N,Y,50,48,43,1.0
2,F,N,Y,50,48,44,1.0
2,F,N,Y,50,48,45,1.0
2,F,N,Y,50,48,45,1.0
2,F,N,Y,50,48,45,1.0
2,F,N,Y,50,48,52,1.0
2,M,N,Y,50,42,8,1.0
2,M,N,Y,50,42,17,1.0
2,M,N,Y,50,42,21,1.0
2,M,N,Y,50,42,25,1.0
2,M,N,Y,50,42,26,1.0
2,M,N,Y,50,42,26,1.0
2,M,N,Y,50,42,26,1.0
2,M,N,Y,50,42,27,1.0
2,M,N,Y,50,42,27,1.0
2,M,N,Y,50,42,27,1.0
2,M,N,Y,50,42,29,1.0
2,M,N,Y,50,42,29,1.0
2,M,N,Y,50,42,31,1.0
2,M,N,Y,50,42,32,1.0
2,M,N,Y,50,42,32,1.0
2,M,N,Y,50,42,32,1.0
2,M,N,Y,50,42,33,1.0
2,M,N,Y,50,42,33,1.0
2,M,N,Y,50,42,34,1.0
2,M,N,Y,50,42,34,1.0
2,M,N,Y,50,42,34,1.0
2,M,N,Y,50,42,35,1.0
2,M,N,Y,50,42,35,1.0
2,M,N,Y,50,42,36,1.0
2,M,N,Y,50,42,36,1.0
2,M,N,Y,50,42,36,1.0
2,M,N,Y,50,42,36,1.0
2,M,N,Y,50,42,36,1.0
2,M,N,Y,50,42,37,1.0
2,M,N,Y,50,42,37,1.0
2,M,N,Y,50,42,38,1.0
2,M,N,Y,50,42,40,1.0
2,M,N,Y,50,42,41,1.0
2,M,N,Y,50,42,42,1.0
2,M,N,Y,50,42,42,1.0
2,M,N,Y,50,42,43,1.0
2,M,N,Y,50,42,45,1.0
2,M,N,Y,50,42,46,1.0
2,M,N,Y,50,42,47,1.0
2,M,N,Y,50,42,52,1.0
2,M,N,Y,50,42,56,1.0
2,M,N,Y,50,42,75,1.0
3,F,N,Y,50,53,9,1.0
3,F,N,Y,50,53,26,1.0
3,F,N,Y,50,53,27,1.0
3,F,N,Y,50,53,30,1.0
3,F,N,Y,50,53,30,1.0
3,F,N,Y,50,53,30,1.0
3,F,N,Y,50,53,30,1.0
3,F,N,Y,50,53,31,1.0
3,F,N,Y,50,53,31,1.0
3,F,N,Y,50,53,31,1.0
3,F,N,Y,50,53,31,1.0
3,F,N,Y,50,53,31,1.0
3,F,N,Y,50,53,31,1.0
3,F,N,Y,50,53,31,1.0
3,F,N,Y,50,53,32,1.0
3,F,N,Y,50,53,34,1.0
3,F,N,Y,50,53,34,1.0
3,F,N,Y,50,53,34,1.0
3,F,N,Y,50,53,34,1.0
3,F,N,Y,50,53,35,1.0
3,F,N,Y,50,53,35,1.0
3,F,N,Y,50,53,35,1.0
3,F,N,Y,50,53,35,1.0
3,F,N,Y,50,53,36,1.0
3,F,N,Y,50,53,36,1.0
3,F,N,Y,50,53,36,1.0
3,F,N,Y,50,53,36,1.0
3,F,N,Y,50,53,36,1.0
3,F,N,Y,50,53,36,1.0
3,F,N,Y,50,53,37,1.0
3,F,N,Y,50,53,37,1.0
3,F,N,Y,50,53,37,1.0
3,F,N,Y,50,53,38,1.0
3,F,N,Y,50,53,38,1.0
3,F,N,Y,50,53,39,1.0
3,F,N,Y,50,53,39,1.0
3,F,N,Y,50,53,40,1.0
3,F,N,Y,50,53,40,1.0
3,F,N,Y,50,53,41,1.0
3,F,N,Y,50,53,42,1.0
3,F,N,Y,50,53,42,1.0
3,F,N,Y,50,53,44,1.0
3,F,N,Y,50,53,45,1.0
3,F,N,Y,50,53,45,1.0
3,F,N,Y,50,53,46,1.0
3,F,N,Y,50,53,47,1.0
3,F,N,Y,50,53,48,1.0
3,F,N,Y,50,53,58,1.0
3,F,N,Y,50,53,68,1.0
3,F,N,Y,50,53,72,1.0
3,F,N,Y,50,53,87,1.0
3,F,N,Y,50,53,89,1.0
3,F,N,Y,50,53,96,1.0
3,M,N,Y,50,52,14,1.0
3,M,N,Y,50,52,18,1.0
3,M,N,Y,50,52,24,1.0
3,M,N,Y,50,52,26,1.0
3,M,N,Y,50,52,26,1.0
3,M,N,Y,50,52,27,1.0
3,M,N,Y,50,52,27,1.0
3,M,N,Y,50,52,28,1.0
3,M,N,Y,50,52,29,1.0
3,M,N,Y,50,52,30,1.0
3,M,N,Y,50,52,30,1.0
3,M,N,Y,50,52,30,1.0
3,M,N,Y,50,52,30,1.0
3,M,N,Y,50,52,30,1.0
3,M,N,Y,50,52,30,1.0
3,M,N,Y,50,52,30,1.0
3,M,N,Y,50,52,30,1.0
3,M,N,Y,50,52,30,1.0
3,M,N,Y,50,52,30,1.0
3,M,N,Y,50,52,31,1.0
3,M,N,Y,50,52,31,1.0
3,M,N,Y,50,52,32,1.0
3,M,N,Y,50,52,32,1.0
3,M,N,Y,50,52,32,1.0
3,M,N,Y,50,52,32,1.0
3,M,N,Y,50,52,36,1.0
3,M,N,Y,50,52,37,1.0
3,M,N,Y,50,52,38,1.0
3,M,N,Y,50,52,38,1.0
3,M,N,Y,50,52,39,1.0
3,M,N,Y,50,52,40,1.0
3,M,N,Y,50,52,41,1.0
3,M,N,Y,50,52,42,1.0
3,M,N,Y,50,52,42,1.0
3,M,N,Y,50,52,42,1.0
3,M,N,Y,50,52,42,1.0
3,M,N,Y,50,52,42,1.0
3,M,N,Y,50,52,42,1.0
3,M,N,Y,50,52,44,1.0
3,M,N,Y,50,52,44,1.0
3,M,N,Y,50,52,45,1.0
3,M,N,Y,50,52,45,1.0
3,M,N,Y,50,52,45,1.0
3,M,N,Y,50,52,46,1.0
3,M,N,Y,50,52,52,1.0
3,M,N,Y,50,52,54,1.0
3,M,N,Y,50,52,74,1.0
3,M,N,Y,50,52,74,1.0
3,M,N,Y,50,52,85,1.0
3,M,N,Y,50,52,86,1.0
3,M,N,Y,50,52,86,1.0
3,M,N,Y,50,52,90,1.0
4,F,N,Y,50,52,3,1.0
4,F,N,Y,50,52,4,1.0
4,F,N,Y,50,52,22,1.0
4,F,N,Y,50,52,22,1.0
4,F,N,Y,50,52,24,1.0
4,F,N,Y,50,52,27,1.0
4,F,N,Y,50,52,28,1.0
4,F,N,Y,50,52,28,1.0
4,F,N,Y,50,52,29,1.0
4,F,N,Y,50,52,30,1.0
4,F,N,Y,50,52,30,1.0
4,F,N,Y,50,52,30,1.0
4,F,N,Y,50,52,31,1.0
4,F,N,Y,50,52,31,1.0
4,F,N,Y,50,52,31,1.0
4,F,N,Y,50,52,32,1.0
4,F,N,Y,50,52,32,1.0
4,F,N,Y,50,52,33,1.0
4,F,N,Y,50,52,33,1.0
4,F,N,Y,50,52,34,1.0
4,F,N,Y,50,52,34,1.0
4,F,N,Y,50,52,34,1.0
4,F,N,Y,50,52,35,1.0
4,F,N,Y,50,52,35,1.0
4,F,N,Y,50,52,35,1.0
4,F,N,Y,50,52,35,1.0
4,F,N,Y,50,52,37,1.0
4,F,N,Y,50,52,38,1.0
4,F,N,Y,50,52,38,1.0
4,F,N,Y,50,52,38,1.0
4,F,N,Y,50,52,38,1.0
4,F,N,Y,50,52,39,1.0
4,F,N,Y,50,52,40,1.0
4,F,N,Y,50,52,40,1.0
4,F,N,Y,50,52,40,1.0
4,F,N,Y,50,52,41,1.0
4,F,N,Y,50,52,42,1.0
4,F,N,Y,50,52,42,1.0
4,F,N,Y,50,52,42,1.0
4,F,N,Y,50,52,42,1.0
4,F,N,Y,50,52,42,1.0
4,F,N,Y,50,52,43,1.0
4,F,N,Y,50,52,43,1.0
4,F,N,Y,50,52,45,1.0
4,F,N,Y,50,52,45,1.0
4,F,N,Y,50,52,45,1.0
4,F,N,Y,50,52,45,1.0
4,F,N,Y,50,52,47,1.0
4,F,N,Y,50,52,48,1.0
4,F,N,Y,50,52,51,1.0
4,F,N,Y,50,52,55,1.0
4,F,N,Y,50,52,77,1.0
4,M,N,Y,50,42,14,1.0
4,M,N,Y,50,42,26,1.0
4,M,N,Y,50,42,27,1.0
4,M,N,Y,50,42,27,1.0
4,M,N,Y,50,42,28,1.0
4,M,N,Y,50,42,29,1.0
4,M,N,Y,50,42,29,1.0
4,M,N,Y,50,42,30,1.0
4,M,N,Y,50,42,30,1.0
4,M,N,Y,50,42,31,1.0
4,M,N,Y,50,42,31,1.0
4,M,N,Y,50,42,31,1.0
4,M,N,Y,50,42,32,1.0
4,M,N,Y,50,42,32,1.0
4,M,N,Y,50,42,33,1.0
4,M,N,Y,50,42,34,1.0
4,M,N,Y,50,42,34,1.0
4,M,N,Y,50,42,34,1.0
4,M,N,Y,50,42,34,1.0
4,M,N,Y,50,42,35,1.0
4,M,N,Y,50,42,35,1.0
4,M,N,Y,50,42,35,1.0
4,M,N,Y,50,42,35,1.0
4,M,N,Y,50,42,37,1.0
4,M,N,Y,50,42,39,1.0
4,M,N,Y,50,42,40,1.0
4,M,N,Y,50,42,40,1.0
4,M,N,Y,50,42,41,1.0
4,M,N,Y,50,42,41,1.0
4,M,N,Y,50,42,42,1.0
4,M,N,Y,50,42,42,1.0
4,M,N,Y,50,42,44,1.0
4,M,N,Y,50,42,45,1.0
4,M,N,Y,50,42,45,1.0
4,M,N,Y,50,42,47,1.0
4,M,N,Y,50,42,48,1.0
4,M,N,Y,50,42,48,1.0
4,M,N,Y,50,42,51,1.0
4,M,N,Y,50,42,53,1.0
4,M,N,Y,50,42,55,1.0
4,M,N,Y,50,42,55,1.0
4,M,N,Y,50,42,70,1.0
1,F,N,Y,50,47,24,1.0
1,F,N,Y,50,47,24,1.0
1,F,N,Y,50,47,25,1.0
1,F,N,Y,50,47,25,1.0
1,F,N,Y,50,47,26,1.0
1,F,N,Y,50,47,26,1.0
1,F,N,Y,50,47,27,1.0
1,F,N,Y,50,47,28,1.0
1,F,N,Y,50,47,29,1.0
1,F,N,Y,50,47,30,1.0
1,F,N,Y,50,47,30,1.0
1,F,N,Y,50,47,31,1.0
1,F,N,Y,50,47,32,1.0
1,F,N,Y,50,47,32,1.0
1,F,N,Y,50,47,32,1.0
1,F,N,Y,50,47,33,1.0
1,F,N,Y,50,47,33,1.0
1,F,N,Y,50,47,33,1.0
1,F,N,Y,50,47,33,1.0
1,F,N,Y,50,47,34,1.0
1,F,N,Y,50,47,34,1.0
1,F,N,Y,50,47,34,1.0
1,F,N,Y,50,47,36,1.0
1,F,N,Y,50,47,36,1.0
1,F,N,Y,50,47,37,1.0
1,F,N,Y,50,47,37,1.0
1,F,N,Y,50,47,37,1.0
1,F,N,Y,50,47,39,1.0
1,F,N,Y,50,47,40,1.0
1,F,N,Y,50,47,41,1.0
1,F,N,Y,50,47,41,1.0
1,F,N,Y,50,47,41,1.0
1,F,N,Y,50,47,42,1.0
1,F,N,Y,50,47,42,1.0
1,F,N,Y,50,47,42,1.0
1,F,N,Y,50,47,42,1.0
1,F,N,Y,50,47,42,1.0
1,F,N,Y,50,47,42,1.0
1,F,N,Y,50,47,42,1.0
1,F,N,Y,50,47,43,1.0
1,F,N,Y,50,47,43,1.0
1,F,N,Y,50,47,44,1.0
1,F,N,Y,50,47,45,1.0
1,F,N,Y,50,47,45,1.0
1,F,N,Y,50,47,46,1.0
1,F,N,Y,50,47,46,1.0
1,F,N,Y,50,47,98,1.0
1,M,N,Y,50,49,9,1.0
1,M,N,Y,50,49,14,1.0
1,M,N,Y,50,49,15,1.0
1,M,N,Y,50,49,23,1.0
1,M,N,Y,50,49,25,1.0
1,M,N,Y,50,49,25,1.0
1,M,N,Y,50,49,25,1.0
1,M,N,Y,50,49,27,1.0
1,M,N,Y,50,49,29,1.0
1,M,N,Y,50,49,30,1.0
1,M,N,Y,50,49,30,1.0
1,M,N,Y,50,49,30,1.0
1,M,N,Y,50,49,30,1.0
1,M,N,Y,50,49,30,1.0
1,M,N,Y,50,49,30,1.0
1,M,N,Y,50,49,31,1.0
1,M,N,Y,50,49,31,1.0
1,M,N,Y,50,49,32,1.0
1,M,N,Y,50,49,32,1.0
1,M,N,Y,50,49,32,1.0
1,M,N,Y,50,49,32,1.0
1,M,N,Y,50,49,32,1.0
1,M,N,Y,50,49,32,1.0
1,M,N,Y,50,49,33,1.0
1,M,N,Y,50,49,34,1.0
1,M,N,Y,50,49,34,1.0
1,M,N,Y,50,49,35,1.0
1,M,N,Y,50,49,35,1.0
1,M,N,Y,50,49,35,1.0
1,M,N,Y,50,49,35,1.0
1,M,N,Y,50,49,36,1.0
1,M,N,Y,50,49,37,1.0
1,M,N,Y,50,49,37,1.0
1,M,N,Y,50,49,38,1.0
1,M,N,Y,50,49,39,1.0
1,M,N,Y,50,49,40,1.0
1,M,N,Y,50,49,41,1.0
1,M,N,Y,50,49,42,1.0
1,M,N,Y,50,49,42,1.0
1,M,N,Y,50,49,42,1.0
1,M,N,Y,50,49,42,1.0
1,M,N,Y,50,49,43,1.0
1,M,N,Y,50,49,43,1.0
1,M,N,Y,50,49,44,1.0
1,M,N,Y,50,49,45,1.0
1,M,N,Y,50,49,46,1.0
1,M,N,Y,50,49,46,1.0
1,M,N,Y,50,49,48,1.0
1,M,N,Y,50,49,82,1.0
2,F,N,Y,50,54,4,1.0
2,F,N,Y,50,54,21,1.0
2,F,N,Y,50,54,24,1.0
2,F,N,Y,50,54,26,1.0
2,F,N,Y,50,54,27,1.0
2,F,N,Y,50,54,28,1.0
2,F,N,Y,50,54,31,1.0
2,F,N,Y,50,54,31,1.0
2,F,N,Y,50,54,31,1.0
2,F,N,Y,50,54,32,1.0
2,F,N,Y,50,54,32,1.0
2,F,N,Y,50,54,32,1.0
2,F,N,Y,50,54,33,1.0
2,F,N,Y,50,54,33,1.0
2,F,N,Y,50,54,33,1.0
2,F,N,Y,50,54,33,1.0
2,F,N,Y,50,54,34,1.0
2,F,N,Y,50,54,34,1.0
2,F,N,Y,50,54,34,1.0
2,F,N,Y,50,54,34,1.0
2,F,N,Y,50,54,35,1.0
2,F,N,Y,50,54,35,1.0
2,F,N,Y,50,54,36,1.0
2,F,N,Y,50,54,36,1.0
2,F,N,Y,50,54,36,1.0
2,F,N,Y,50,54,37,1.0
2,F,N,Y,50,54,37,1.0
2,F,N,Y,50,54,37,1.0
2,F,N,Y,50,54,38,1.0
2,F,N,Y,50,54,38,1.0
2,F,N,Y,50,54,38,1.0
2,F,N,Y,50,54,39,1.0
2,F,N,Y,50,54,40,1.0
2,F,N,Y,50,54,40,1.0
2,F,N,Y,50,54,41,1.0
2,F,N,Y,50,54,41,1.0
2,F,N,Y,50,54,41,1.0
2,F,N,Y,50,54,42,1.0
2,F,N,Y,50,54,42,1.0
2,F,N,Y,50,54,43,1.0
2,F,N,Y,50,54,43,1.0
2,F,N,Y,50,54,43,1.0
2,F,N,Y,50,54,43,1.0
2,F,N,Y,50,54,44,1.0
2,F,N,Y,50,54,44,1.0
2,F,N,Y,50,54,44,1.0
2,F,N,Y,50,54,45,1.0
2,F,N,Y,50,54,45,1.0
2,F,N,Y,50,54,45,1.0
2,F,N,Y,50,54,45,1.0
2,F,N,Y,50,54,45,1.0
2,F,N,Y,50,54,46,1.0
2,F,N,Y,50,54,47,1.0
2,F,N,Y,50,54,47,1.0
2,M,N,Y,50,41,17,1.0
2,M,N,Y,50,41,20,1.0
2,M,N,Y,50,41,24,1.0
2,M,N,Y,50,41,25,1.0
2,M,N,Y,50,41,26,1.0
2,M,N,Y,50,41,26,1.0
2,M,N,Y,50,41,27,1.0
2,M,N,Y,50,41,28,1.0
2,M,N,Y,50,41,28,1.0
2,M,N,Y,50,41,29,1.0
2,M,N,Y,50,41,30,1.0
2,M,N,Y,50,41,32,1.0
2,M,N,Y,50,41,32,1.0
2,M,N,Y,50,41,32,1.0
2,M,N,Y,50,41,32,1.0
2,M,N,Y,50,41,32,1.0
2,M,N,Y,50,41,32,1.0
2,M,N,Y,50,41,32,1.0
2,M,N,Y,50,41,32,1.0
2,M,N,Y,50,41,32,1.0
2,M,N,Y,50,41,33,1.0
2,M,N,Y,50,41,33,1.0
2,M,N,Y,50,41,33,1.0
2,M,N,Y,50,41,33,1.0
2,M,N,Y,50,41,33,1.0
2,M,N,Y,50,41,34,1.0
2,M,N,Y,50,41,35,1.0
2,M,N,Y,50,41,35,1.0
2,M,N,Y,50,41,36,1.0
2,M,N,Y,50,41,36,1.0
2,M,N,Y,50,41,37,1.0
2,M,N,Y,50,41,37,1.0
2,M,N,Y,50,41,37,1.0
2,M,N,Y,50,41,37,1.0
2,M,N,Y,50,41,37,1.0
2,M,N,Y,50,41,38,1.0
2,M,N,Y,50,41,41,1.0
2,M,N,Y,50,41,41,1.0
2,M,N,Y,50,41,41,1.0
2,M,N,Y,50,41,43,1.0
2,M,N,Y,50,41,44,1.0
3,F,N,Y,50,40,3,1.0
3,F,N,Y,50,40,14,1.0
3,F,N,Y,50,40,14,1.0
3,F,N,Y,50,40,18,1.0
3,F,N,Y,50,40,21,1.0
3,F,N,Y,50,40,24,1.0
3,F,N,Y,50,40,25,1.0
3,F,N,Y,50,40,25,1.0
3,F,N,Y,50,40,25,1.0
3,F,N,Y,50,40,26,1.0
3,F,N,Y,50,40,26,1.0
3,F,N,Y,50,40,28,1.0
3,F,N,Y,50,40,28,1.0
3,F,N,Y,50,40,28,1.0
3,F,N,Y,50,40,31,1.0
3,F,N,Y,50,40,31,1.0
3,F,N,Y,50,40,32,1.0
3,F,N,Y,50,40,34,1.0
3,F,N,Y,50,40,34,1.0
3,F,N,Y,50,40,34,1.0
3,F,N,Y,50,40,35,1.0
3,F,N,Y,50,40,35,1.0
3,F,N,Y,50,40,36,1.0
3,F,N,Y,50,40,36,1.0
3,F,N,Y,50,40,37,1.0
3,F,N,Y,50,40,37,1.0
3,F,N,Y,50,40,37,1.0
3,F,N,Y,50,40,37,1.0
3,F,N,Y,50,40,37,1.0
3,F,N,Y,50,40,37,1.0
3,F,N,Y,50,40,38,1.0
3,F,N,Y,50,40,38,1.0
3,F,N,Y,50,40,40,1.0
3,F,N,Y,50,40,42,1.0
3,F,N,Y,50,40,43,1.0
3,F,N,Y,50,40,43,1.0
3,F,N,Y,50,40,46,1.0
3,F,N,Y,50,40,46,1.0
3,F,N,Y,50,40,50,1.0
3,F,N,Y,50,40,55,1.0
3,M,N,Y,50,36,11,1.0
3,M,N,Y,50,36,12,1.0
3,M,N,Y,50,36,14,1.0
3,M,N,Y,50,36,23,1.0
3,M,N,Y,50,36,25,1.0
3,M,N,Y,50,36,26,1.0
3,M,N,Y,50,36,26,1.0
3,M,N,Y,50,36,27,1.0
3,M,N,Y,50,36,28,1.0
3,M,N,Y,50,36,31,1.0
3,M,N,Y,50,36,32,1.0
3,M,N,Y,50,36,32,1.0
3,M,N,Y,50,36,33,1.0
3,M,N,Y,50,36,33,1.0
3,M,N,Y,50,36,34,1.0
3,M,N,Y,50,36,34,1.0
3,M,N,Y,50,36,34,1.0
3,M,N,Y,50,36,35,1.0
3,M,N,Y,50,36,35,1.0
3,M,N,Y,50,36,35,1.0
3,M,N,Y,50,36,35,1.0
3,M,N,Y,50,36,35,1.0
3,M,N,Y,50,36,35,1.0
3,M,N,Y,50,36,35,1.0
3,M,N,Y,50,36,35,1.0
3,M,N,Y,50,36,35,1.0
3,M,N,Y,50,36,35,1.0
3,M,N,Y,50,36,37,1.0
3,M,N,Y,50,36,37,1.0
3,M,N,Y,50,36,38,1.0
3,M,N,Y,50,36,39,1.0
3,M,N,Y,50,36,40,1.0
3,M,N,Y,50,36,42,1.0
3,M,N,Y,50,36,43,1.0
3,M,N,Y,50,36,46,1.0
3,M,N,Y,50,36,54,1.0
4,F,N,Y,50,48,15,1.0
4,F,N,Y,50,48,24,1.0
4,F,N,Y,50,48,25,1.0
4,F,N,Y,50,48,26,1.0
4,F,N,Y,50,48,27,1.0
4,F,N,Y,50,48,29,1.0
4,F,N,Y,50,48,31,1.0
4,F,N,Y,50,48,31,1.0
4,F,N,Y,50,48,32,1.0
4,F,N,Y,50,48,33,1.0
4,F,N,Y,50,48,33,1.0
4,F,N,Y,50,48,35,1.0
4,F,N,Y,50,48,35,1.0
4,F,N,Y,50,48,35,1.0
4,F,N,Y,50,48,35,1.0
4,F,N,Y,50,48,35,1.0
4,F,N,Y,50,48,35,1.0
4,F,N,Y,50,48,36,1.0
4,F,N,Y,50,48,36,1.0
4,F,N,Y,50,48,36,1.0
4,F,N,Y,50,48,37,1.0
4,F,N,Y,50,48,37,1.0
4,F,N,Y,50,48,37,1.0
4,F,N,Y,50,48,37,1.0
4,F,N,Y,50,48,38,1.0
4,F,N,Y,50,48,38,1.0
4,F,N,Y,50,48,39,1.0
4,F,N,Y,50,48,39,1.0
4,F,N,Y,50,48,40,1.0
4,F,N,Y,50,48,40,1.0
4,F,N,Y,50,48,40,1.0
4,F,N,Y,50,48,41,1.0
4,F,N,Y,50,48,41,1.0
4,F,N,Y,50,48,41,1.0
4,F,N,Y,50,48,42,1.0
4,F,N,Y,50,48,42,1.0
4,F,N,Y,50,48,42,1.0
4,F,N,Y,50,48,43,1.0
4,F,N,Y,50,48,43,1.0
4,F,N,Y,50,48,43,1.0
4,F,N,Y,50,48,43,1.0
4,F,N,Y,50,48,44,1.0
4,F,N,Y,50,48,44,1.0
4,F,N,Y,50,48,45,1.0
4,F,N,Y,50,48,45,1.0
4,F,N,Y,50,48,45,1.0
4,F,N,Y,50,48,45,1.0
4,F,N,Y,50,48,56,1.0
4,M,N,Y,50,47,11,1.0
4,M,N,Y,50,47,22,1.0
4,M,N,Y,50,47,24,1.0
4,M,N,Y,50,47,24,1.0
4,M,N,Y,50,47,25,1.0
4,M,N,Y,50,47,27,1.0
4,M,N,Y,50,47,28,1.0
4,M,N,Y,50,47,28,1.0
4,M,N,Y,50,47,28,1.0
4,M,N,Y,50,47,29,1.0
4,M,N,Y,50,47,30,1.0
4,M,N,Y,50,47,31,1.0
4,M,N,Y,50,47,31,1.0
4,M,N,Y,50,47,31,1.0
4,M,N,Y,50,47,31,1.0
4,M,N,Y,50,47,32,1.0
4,M,N,Y,50,47,32,1.0
4,M,N,Y,50,47,32,1.0
4,M,N,Y,50,47,32,1.0
4,M,N,Y,50,47,32,1.0
4,M,N,Y,50,47,32,1.0
4,M,N,Y,50,47,33,1.0
4,M,N,Y,50,47,33,1.0
4,M,N,Y,50,47,33,1.0
4,M,N,Y,50,47,34,1.0
4,M,N,Y,50,47,34,1.0
4,M,N,Y,50,47,34,1.0
4,M,N,Y,50,47,34,1.0
4,M,N,Y,50,47,34,1.0
4,M,N,Y,50,47,34,1.0
4,M,N,Y,50,47,34,1.0
4,M,N,Y,50,47,35,1.0
4,M,N,Y,50,47,35,1.0
4,M,N,Y,50,47,35,1.0
4,M,N,Y,50,47,36,1.0
4,M,N,Y,50,47,38,1.0
4,M,N,Y,50,47,39,1.0
4,M,N,Y,50,47,39,1.0
4,M,N,Y,50,47,40,1.0
4,M,N,Y,50,47,40,1.0
4,M,N,Y,50,47,41,1.0
4,M,N,Y,50,47,41,1.0
4,M,N,Y,50,47,42,1.0
4,M,N,Y,50,47,42,1.0
4,M,N,Y,50,47,42,1.0
4,M,N,Y,50,47,42,1.0
4,M,N,Y,50,47,47,1.0
